[
  {
    "id_municipio": 3707,
    "cd_mun": "3200102",
    "nm_mun": "Afonso Cláudio",
    "cd_rgi": "320002",
    "nm_rgi": "Afonso Cláudio - Venda Nova do Imigrante - Santa Maria de Jetibá",
    "cd_rgint": "3201",
    "nm_rgint": "Vitória",
    "cd_uf": "32",
    "nm_uf": "Espírito Santo",
    "sigla_uf": "ES",
    "cd_regia": "3",
    "nm_regia": "Sudeste",
    "sigla_rg": "SE",
    "cd_concu": null,
    "nm_concu": null,
    "area_km2": 941.188,
    "created_at": "2025-08-26T14:28:39.681185",
    "updated_at": "2025-08-26T14:28:39.681185"
  },
  {
    "id_municipio": 3756,
    "cd_mun": "3200169",
    "nm_mun": "Água Doce do Norte",
    "cd_rgi": "320006",
    "nm_rgi": "Nova Venécia",
    "cd_rgint": "3203",
    "nm_rgint": "Colatina",
    "cd_uf": "32",
    "nm_uf": "Espírito Santo",
    "sigla_uf": "ES",
    "cd_regia": "3",
    "nm_regia": "Sudeste",
    "sigla_rg": "SE",
    "cd_concu": null,
    "nm_concu": null,
    "area_km2": 473.729,
    "created_at": "2025-08-26T14:28:39.681185",
    "updated_at": "2025-08-26T14:28:39.681185"
  },
  {
    "id_municipio": 3781,
    "cd_mun": "3200136",
    "nm_mun": "Águia Branca",
    "cd_rgi": "320005",
    "nm_rgi": "Colatina",
    "cd_rgint": "3203",
    "nm_rgint": "Colatina",
    "cd_uf": "32",
    "nm_uf": "Espírito Santo",
    "sigla_uf": "ES",
    "cd_regia": "3",
    "nm_regia": "Sudeste",
    "sigla_rg": "SE",
    "cd_concu": null,
    "nm_concu": null,
    "area_km2": 454.448,
    "created_at": "2025-08-26T14:28:39.681185",
    "updated_at": "2025-08-26T14:28:39.681185"
  },
  {
    "id_municipio": 1469,
    "cd_mun": "3200201",
    "nm_mun": "Alegre",
    "cd_rgi": "320008",
    "nm_rgi": "Alegre",
    "cd_rgint": "3204",
    "nm_rgint": "Cachoeiro do Itapemirim",
    "cd_uf": "32",
    "nm_uf": "Espírito Santo",
    "sigla_uf": "ES",
    "cd_regia": "3",
    "nm_regia": "Sudeste",
    "sigla_rg": "SE",
    "cd_concu": null,
    "nm_concu": null,
    "area_km2": 756.86,
    "created_at": "2025-08-26T14:20:11.646400",
    "updated_at": "2025-08-26T14:20:11.646400"
  },
  {
    "id_municipio": 2250,
    "cd_mun": "3200300",
    "nm_mun": "Alfredo Chaves",
    "cd_rgi": "320001",
    "nm_rgi": "Vitória",
    "cd_rgint": "3201",
    "nm_rgint": "Vitória",
    "cd_uf": "32",
    "nm_uf": "Espírito Santo",
    "sigla_uf": "ES",
    "cd_regia": "3",
    "nm_regia": "Sudeste",
    "sigla_rg": "SE",
    "cd_concu": null,
    "nm_concu": null,
    "area_km2": 615.677,
    "created_at": "2025-08-26T14:23:37.304089",
    "updated_at": "2025-08-26T14:23:37.304089"
  },
  {
    "id_municipio": 2257,
    "cd_mun": "3200359",
    "nm_mun": "Alto Rio Novo",
    "cd_rgi": "320005",
    "nm_rgi": "Colatina",
    "cd_rgint": "3203",
    "nm_rgint": "Colatina",
    "cd_uf": "32",
    "nm_uf": "Espírito Santo",
    "sigla_uf": "ES",
    "cd_regia": "3",
    "nm_regia": "Sudeste",
    "sigla_rg": "SE",
    "cd_concu": null,
    "nm_concu": null,
    "area_km2": 227.617,
    "created_at": "2025-08-26T14:23:37.304089",
    "updated_at": "2025-08-26T14:23:37.304089"
  },
  {
    "id_municipio": 31,
    "cd_mun": "3200409",
    "nm_mun": "Anchieta",
    "cd_rgi": "320001",
    "nm_rgi": "Vitória",
    "cd_rgint": "3201",
    "nm_rgint": "Vitória",
    "cd_uf": "32",
    "nm_uf": "Espírito Santo",
    "sigla_uf": "ES",
    "cd_regia": "3",
    "nm_regia": "Sudeste",
    "sigla_rg": "SE",
    "cd_concu": null,
    "nm_concu": null,
    "area_km2": 409.691,
    "created_at": "2025-08-26T14:16:49.632282",
    "updated_at": "2025-08-26T14:16:49.632282"
  },
  {
    "id_municipio": 764,
    "cd_mun": "3200508",
    "nm_mun": "Apiacá",
    "cd_rgi": "320008",
    "nm_rgi": "Alegre",
    "cd_rgint": "3204",
    "nm_rgint": "Cachoeiro do Itapemirim",
    "cd_uf": "32",
    "nm_uf": "Espírito Santo",
    "sigla_uf": "ES",
    "cd_regia": "3",
    "nm_regia": "Sudeste",
    "sigla_rg": "SE",
    "cd_concu": null,
    "nm_concu": null,
    "area_km2": 193.984,
    "created_at": "2025-08-26T14:18:30.386240",
    "updated_at": "2025-08-26T14:18:30.386240"
  },
  {
    "id_municipio": 4110,
    "cd_mun": "3200607",
    "nm_mun": "Aracruz",
    "cd_rgi": "320004",
    "nm_rgi": "Linhares",
    "cd_rgint": "3202",
    "nm_rgint": "São Mateus",
    "cd_uf": "32",
    "nm_uf": "Espírito Santo",
    "sigla_uf": "ES",
    "cd_regia": "3",
    "nm_regia": "Sudeste",
    "sigla_rg": "SE",
    "cd_concu": null,
    "nm_concu": null,
    "area_km2": 1420.285,
    "created_at": "2025-08-26T14:30:16.147650",
    "updated_at": "2025-08-26T14:30:16.147650"
  },
  {
    "id_municipio": 4864,
    "cd_mun": "3200706",
    "nm_mun": "Atílio Vivácqua",
    "cd_rgi": "320007",
    "nm_rgi": "Cachoeiro de Itapemirim",
    "cd_rgint": "3204",
    "nm_rgint": "Cachoeiro do Itapemirim",
    "cd_uf": "32",
    "nm_uf": "Espírito Santo",
    "sigla_uf": "ES",
    "cd_regia": "3",
    "nm_regia": "Sudeste",
    "sigla_rg": "SE",
    "cd_concu": null,
    "nm_concu": null,
    "area_km2": 232.868,
    "created_at": "2025-08-26T14:31:56.583430",
    "updated_at": "2025-08-26T14:31:56.583430"
  },
  {
    "id_municipio": 2635,
    "cd_mun": "3200805",
    "nm_mun": "Baixo Guandu",
    "cd_rgi": "320005",
    "nm_rgi": "Colatina",
    "cd_rgint": "3203",
    "nm_rgint": "Colatina",
    "cd_uf": "32",
    "nm_uf": "Espírito Santo",
    "sigla_uf": "ES",
    "cd_regia": "3",
    "nm_regia": "Sudeste",
    "sigla_rg": "SE",
    "cd_concu": null,
    "nm_concu": null,
    "area_km2": 909.039,
    "created_at": "2025-08-26T14:25:16.599609",
    "updated_at": "2025-08-26T14:25:16.599609"
  },
  {
    "id_municipio": 3386,
    "cd_mun": "3200904",
    "nm_mun": "Barra de São Francisco",
    "cd_rgi": "320006",
    "nm_rgi": "Nova Venécia",
    "cd_rgint": "3203",
    "nm_rgint": "Colatina",
    "cd_uf": "32",
    "nm_uf": "Espírito Santo",
    "sigla_uf": "ES",
    "cd_regia": "3",
    "nm_regia": "Sudeste",
    "sigla_rg": "SE",
    "cd_concu": null,
    "nm_concu": null,
    "area_km2": 944.521,
    "created_at": "2025-08-26T14:26:59.412073",
    "updated_at": "2025-08-26T14:26:59.412073"
  },
  {
    "id_municipio": 996,
    "cd_mun": "3201001",
    "nm_mun": "Boa Esperança",
    "cd_rgi": "320003",
    "nm_rgi": "São Mateus",
    "cd_rgint": "3202",
    "nm_rgint": "São Mateus",
    "cd_uf": "32",
    "nm_uf": "Espírito Santo",
    "sigla_uf": "ES",
    "cd_regia": "3",
    "nm_regia": "Sudeste",
    "sigla_rg": "SE",
    "cd_concu": null,
    "nm_concu": null,
    "area_km2": 428.717,
    "created_at": "2025-08-26T14:18:30.386240",
    "updated_at": "2025-08-26T14:18:30.386240"
  },
  {
    "id_municipio": 4348,
    "cd_mun": "3201100",
    "nm_mun": "Bom Jesus do Norte",
    "cd_rgi": "320008",
    "nm_rgi": "Alegre",
    "cd_rgint": "3204",
    "nm_rgint": "Cachoeiro do Itapemirim",
    "cd_uf": "32",
    "nm_uf": "Espírito Santo",
    "sigla_uf": "ES",
    "cd_regia": "3",
    "nm_regia": "Sudeste",
    "sigla_rg": "SE",
    "cd_concu": null,
    "nm_concu": null,
    "area_km2": 89.084,
    "created_at": "2025-08-26T14:30:16.147650",
    "updated_at": "2025-08-26T14:30:16.147650"
  },
  {
    "id_municipio": 4448,
    "cd_mun": "3201159",
    "nm_mun": "Brejetuba",
    "cd_rgi": "320002",
    "nm_rgi": "Afonso Cláudio - Venda Nova do Imigrante - Santa Maria de Jetibá",
    "cd_rgint": "3201",
    "nm_rgint": "Vitória",
    "cd_uf": "32",
    "nm_uf": "Espírito Santo",
    "sigla_uf": "ES",
    "cd_regia": "3",
    "nm_regia": "Sudeste",
    "sigla_rg": "SE",
    "cd_concu": null,
    "nm_concu": null,
    "area_km2": 354.404,
    "created_at": "2025-08-26T14:30:16.147650",
    "updated_at": "2025-08-26T14:30:16.147650"
  },
  {
    "id_municipio": 4907,
    "cd_mun": "3201209",
    "nm_mun": "Cachoeiro de Itapemirim",
    "cd_rgi": "320007",
    "nm_rgi": "Cachoeiro de Itapemirim",
    "cd_rgint": "3204",
    "nm_rgint": "Cachoeiro do Itapemirim",
    "cd_uf": "32",
    "nm_uf": "Espírito Santo",
    "sigla_uf": "ES",
    "cd_regia": "3",
    "nm_regia": "Sudeste",
    "sigla_rg": "SE",
    "cd_concu": "3201209",
    "nm_concu": "Cachoeiro de Itapemirim",
    "area_km2": 864.583,
    "created_at": "2025-08-26T14:31:56.583430",
    "updated_at": "2025-08-26T14:31:56.583430"
  },
  {
    "id_municipio": 2866,
    "cd_mun": "3201308",
    "nm_mun": "Cariacica",
    "cd_rgi": "320001",
    "nm_rgi": "Vitória",
    "cd_rgint": "3201",
    "nm_rgint": "Vitória",
    "cd_uf": "32",
    "nm_uf": "Espírito Santo",
    "sigla_uf": "ES",
    "cd_regia": "3",
    "nm_regia": "Sudeste",
    "sigla_rg": "SE",
    "cd_concu": "3205309",
    "nm_concu": "Vitória/ES",
    "area_km2": 279.718,
    "created_at": "2025-08-26T14:25:16.599609",
    "updated_at": "2025-08-26T14:25:16.599609"
  },
  {
    "id_municipio": 3420,
    "cd_mun": "3201407",
    "nm_mun": "Castelo",
    "cd_rgi": "320007",
    "nm_rgi": "Cachoeiro de Itapemirim",
    "cd_rgint": "3204",
    "nm_rgint": "Cachoeiro do Itapemirim",
    "cd_uf": "32",
    "nm_uf": "Espírito Santo",
    "sigla_uf": "ES",
    "cd_regia": "3",
    "nm_regia": "Sudeste",
    "sigla_rg": "SE",
    "cd_concu": null,
    "nm_concu": null,
    "area_km2": 663.515,
    "created_at": "2025-08-26T14:26:59.412073",
    "updated_at": "2025-08-26T14:26:59.412073"
  },
  {
    "id_municipio": 1354,
    "cd_mun": "3201506",
    "nm_mun": "Colatina",
    "cd_rgi": "320005",
    "nm_rgi": "Colatina",
    "cd_rgint": "3203",
    "nm_rgint": "Colatina",
    "cd_uf": "32",
    "nm_uf": "Espírito Santo",
    "sigla_uf": "ES",
    "cd_regia": "3",
    "nm_regia": "Sudeste",
    "sigla_rg": "SE",
    "cd_concu": "3201506",
    "nm_concu": "Colatina",
    "area_km2": 1398.219,
    "created_at": "2025-08-26T14:20:11.646400",
    "updated_at": "2025-08-26T14:20:11.646400"
  },
  {
    "id_municipio": 1932,
    "cd_mun": "3201605",
    "nm_mun": "Conceição da Barra",
    "cd_rgi": "320003",
    "nm_rgi": "São Mateus",
    "cd_rgint": "3202",
    "nm_rgint": "São Mateus",
    "cd_uf": "32",
    "nm_uf": "Espírito Santo",
    "sigla_uf": "ES",
    "cd_regia": "3",
    "nm_regia": "Sudeste",
    "sigla_rg": "SE",
    "cd_concu": null,
    "nm_concu": null,
    "area_km2": 1182.587,
    "created_at": "2025-08-26T14:21:54.867267",
    "updated_at": "2025-08-26T14:21:54.867267"
  },
  {
    "id_municipio": 5474,
    "cd_mun": "3201704",
    "nm_mun": "Conceição do Castelo",
    "cd_rgi": "320002",
    "nm_rgi": "Afonso Cláudio - Venda Nova do Imigrante - Santa Maria de Jetibá",
    "cd_rgint": "3201",
    "nm_rgint": "Vitória",
    "cd_uf": "32",
    "nm_uf": "Espírito Santo",
    "sigla_uf": "ES",
    "cd_regia": "3",
    "nm_regia": "Sudeste",
    "sigla_rg": "SE",
    "cd_concu": null,
    "nm_concu": null,
    "area_km2": 369.778,
    "created_at": "2025-08-26T14:33:28.234007",
    "updated_at": "2025-08-26T14:33:28.234007"
  },
  {
    "id_municipio": 485,
    "cd_mun": "3201803",
    "nm_mun": "Divino de São Lourenço",
    "cd_rgi": "320008",
    "nm_rgi": "Alegre",
    "cd_rgint": "3204",
    "nm_rgint": "Cachoeiro do Itapemirim",
    "cd_uf": "32",
    "nm_uf": "Espírito Santo",
    "sigla_uf": "ES",
    "cd_regia": "3",
    "nm_regia": "Sudeste",
    "sigla_rg": "SE",
    "cd_concu": null,
    "nm_concu": null,
    "area_km2": 174.039,
    "created_at": "2025-08-26T14:16:49.632282",
    "updated_at": "2025-08-26T14:16:49.632282"
  },
  {
    "id_municipio": 3991,
    "cd_mun": "3201902",
    "nm_mun": "Domingos Martins",
    "cd_rgi": "320002",
    "nm_rgi": "Afonso Cláudio - Venda Nova do Imigrante - Santa Maria de Jetibá",
    "cd_rgint": "3201",
    "nm_rgint": "Vitória",
    "cd_uf": "32",
    "nm_uf": "Espírito Santo",
    "sigla_uf": "ES",
    "cd_regia": "3",
    "nm_regia": "Sudeste",
    "sigla_rg": "SE",
    "cd_concu": null,
    "nm_concu": null,
    "area_km2": 1229.21,
    "created_at": "2025-08-26T14:28:39.681185",
    "updated_at": "2025-08-26T14:28:39.681185"
  },
  {
    "id_municipio": 1680,
    "cd_mun": "3202009",
    "nm_mun": "Dores do Rio Preto",
    "cd_rgi": "320008",
    "nm_rgi": "Alegre",
    "cd_rgint": "3204",
    "nm_rgint": "Cachoeiro do Itapemirim",
    "cd_uf": "32",
    "nm_uf": "Espírito Santo",
    "sigla_uf": "ES",
    "cd_regia": "3",
    "nm_regia": "Sudeste",
    "sigla_rg": "SE",
    "cd_concu": null,
    "nm_concu": null,
    "area_km2": 159.298,
    "created_at": "2025-08-26T14:21:54.867267",
    "updated_at": "2025-08-26T14:21:54.867267"
  },
  {
    "id_municipio": 2263,
    "cd_mun": "3202108",
    "nm_mun": "Ecoporanga",
    "cd_rgi": "320006",
    "nm_rgi": "Nova Venécia",
    "cd_rgint": "3203",
    "nm_rgint": "Colatina",
    "cd_uf": "32",
    "nm_uf": "Espírito Santo",
    "sigla_uf": "ES",
    "cd_regia": "3",
    "nm_regia": "Sudeste",
    "sigla_rg": "SE",
    "cd_concu": null,
    "nm_concu": null,
    "area_km2": 2285.369,
    "created_at": "2025-08-26T14:23:37.304089",
    "updated_at": "2025-08-26T14:23:37.304089"
  },
  {
    "id_municipio": 242,
    "cd_mun": "3202207",
    "nm_mun": "Fundão",
    "cd_rgi": "320001",
    "nm_rgi": "Vitória",
    "cd_rgint": "3201",
    "nm_rgint": "Vitória",
    "cd_uf": "32",
    "nm_uf": "Espírito Santo",
    "sigla_uf": "ES",
    "cd_regia": "3",
    "nm_regia": "Sudeste",
    "sigla_rg": "SE",
    "cd_concu": "3205309",
    "nm_concu": "Vitória/ES",
    "area_km2": 286.854,
    "created_at": "2025-08-26T14:16:49.632282",
    "updated_at": "2025-08-26T14:16:49.632282"
  },
  {
    "id_municipio": 263,
    "cd_mun": "3202256",
    "nm_mun": "Governador Lindenberg",
    "cd_rgi": "320005",
    "nm_rgi": "Colatina",
    "cd_rgint": "3203",
    "nm_rgint": "Colatina",
    "cd_uf": "32",
    "nm_uf": "Espírito Santo",
    "sigla_uf": "ES",
    "cd_regia": "3",
    "nm_regia": "Sudeste",
    "sigla_rg": "SE",
    "cd_concu": null,
    "nm_concu": null,
    "area_km2": 360.016,
    "created_at": "2025-08-26T14:16:49.632282",
    "updated_at": "2025-08-26T14:16:49.632282"
  },
  {
    "id_municipio": 789,
    "cd_mun": "3202306",
    "nm_mun": "Guaçuí",
    "cd_rgi": "320008",
    "nm_rgi": "Alegre",
    "cd_rgint": "3204",
    "nm_rgint": "Cachoeiro do Itapemirim",
    "cd_uf": "32",
    "nm_uf": "Espírito Santo",
    "sigla_uf": "ES",
    "cd_regia": "3",
    "nm_regia": "Sudeste",
    "sigla_rg": "SE",
    "cd_concu": null,
    "nm_concu": null,
    "area_km2": 468.185,
    "created_at": "2025-08-26T14:18:30.386240",
    "updated_at": "2025-08-26T14:18:30.386240"
  },
  {
    "id_municipio": 4328,
    "cd_mun": "3202405",
    "nm_mun": "Guarapari",
    "cd_rgi": "320001",
    "nm_rgi": "Vitória",
    "cd_rgint": "3201",
    "nm_rgint": "Vitória",
    "cd_uf": "32",
    "nm_uf": "Espírito Santo",
    "sigla_uf": "ES",
    "cd_regia": "3",
    "nm_regia": "Sudeste",
    "sigla_rg": "SE",
    "cd_concu": "3202405",
    "nm_concu": "Guarapari",
    "area_km2": 589.825,
    "created_at": "2025-08-26T14:30:16.147650",
    "updated_at": "2025-08-26T14:30:16.147650"
  },
  {
    "id_municipio": 4353,
    "cd_mun": "3202454",
    "nm_mun": "Ibatiba",
    "cd_rgi": "320008",
    "nm_rgi": "Alegre",
    "cd_rgint": "3204",
    "nm_rgint": "Cachoeiro do Itapemirim",
    "cd_uf": "32",
    "nm_uf": "Espírito Santo",
    "sigla_uf": "ES",
    "cd_regia": "3",
    "nm_regia": "Sudeste",
    "sigla_rg": "SE",
    "cd_concu": null,
    "nm_concu": null,
    "area_km2": 240.278,
    "created_at": "2025-08-26T14:30:16.147650",
    "updated_at": "2025-08-26T14:30:16.147650"
  },
  {
    "id_municipio": 4893,
    "cd_mun": "3202504",
    "nm_mun": "Ibiraçu",
    "cd_rgi": "320004",
    "nm_rgi": "Linhares",
    "cd_rgint": "3202",
    "nm_rgint": "São Mateus",
    "cd_uf": "32",
    "nm_uf": "Espírito Santo",
    "sigla_uf": "ES",
    "cd_regia": "3",
    "nm_regia": "Sudeste",
    "sigla_rg": "SE",
    "cd_concu": null,
    "nm_concu": null,
    "area_km2": 201.248,
    "created_at": "2025-08-26T14:31:56.583430",
    "updated_at": "2025-08-26T14:31:56.583430"
  },
  {
    "id_municipio": 5069,
    "cd_mun": "3202553",
    "nm_mun": "Ibitirama",
    "cd_rgi": "320008",
    "nm_rgi": "Alegre",
    "cd_rgint": "3204",
    "nm_rgint": "Cachoeiro do Itapemirim",
    "cd_uf": "32",
    "nm_uf": "Espírito Santo",
    "sigla_uf": "ES",
    "cd_regia": "3",
    "nm_regia": "Sudeste",
    "sigla_rg": "SE",
    "cd_concu": null,
    "nm_concu": null,
    "area_km2": 330.874,
    "created_at": "2025-08-26T14:33:28.234007",
    "updated_at": "2025-08-26T14:33:28.234007"
  },
  {
    "id_municipio": 2852,
    "cd_mun": "3202603",
    "nm_mun": "Iconha",
    "cd_rgi": "320007",
    "nm_rgi": "Cachoeiro de Itapemirim",
    "cd_rgint": "3204",
    "nm_rgint": "Cachoeiro do Itapemirim",
    "cd_uf": "32",
    "nm_uf": "Espírito Santo",
    "sigla_uf": "ES",
    "cd_regia": "3",
    "nm_regia": "Sudeste",
    "sigla_rg": "SE",
    "cd_concu": null,
    "nm_concu": null,
    "area_km2": 203.528,
    "created_at": "2025-08-26T14:25:16.599609",
    "updated_at": "2025-08-26T14:25:16.599609"
  },
  {
    "id_municipio": 2883,
    "cd_mun": "3202652",
    "nm_mun": "Irupi",
    "cd_rgi": "320008",
    "nm_rgi": "Alegre",
    "cd_rgint": "3204",
    "nm_rgint": "Cachoeiro do Itapemirim",
    "cd_uf": "32",
    "nm_uf": "Espírito Santo",
    "sigla_uf": "ES",
    "cd_regia": "3",
    "nm_regia": "Sudeste",
    "sigla_rg": "SE",
    "cd_concu": null,
    "nm_concu": null,
    "area_km2": 184.807,
    "created_at": "2025-08-26T14:25:16.599609",
    "updated_at": "2025-08-26T14:25:16.599609"
  },
  {
    "id_municipio": 3407,
    "cd_mun": "3202702",
    "nm_mun": "Itaguaçu",
    "cd_rgi": "320005",
    "nm_rgi": "Colatina",
    "cd_rgint": "3203",
    "nm_rgint": "Colatina",
    "cd_uf": "32",
    "nm_uf": "Espírito Santo",
    "sigla_uf": "ES",
    "cd_regia": "3",
    "nm_regia": "Sudeste",
    "sigla_rg": "SE",
    "cd_concu": null,
    "nm_concu": null,
    "area_km2": 535.021,
    "created_at": "2025-08-26T14:26:59.412073",
    "updated_at": "2025-08-26T14:26:59.412073"
  },
  {
    "id_municipio": 1346,
    "cd_mun": "3202801",
    "nm_mun": "Itapemirim",
    "cd_rgi": "320007",
    "nm_rgi": "Cachoeiro de Itapemirim",
    "cd_rgint": "3204",
    "nm_rgint": "Cachoeiro do Itapemirim",
    "cd_uf": "32",
    "nm_uf": "Espírito Santo",
    "sigla_uf": "ES",
    "cd_regia": "3",
    "nm_regia": "Sudeste",
    "sigla_rg": "SE",
    "cd_concu": null,
    "nm_concu": null,
    "area_km2": 550.71,
    "created_at": "2025-08-26T14:20:11.646400",
    "updated_at": "2025-08-26T14:20:11.646400"
  },
  {
    "id_municipio": 1916,
    "cd_mun": "3202900",
    "nm_mun": "Itarana",
    "cd_rgi": "320002",
    "nm_rgi": "Afonso Cláudio - Venda Nova do Imigrante - Santa Maria de Jetibá",
    "cd_rgint": "3201",
    "nm_rgint": "Vitória",
    "cd_uf": "32",
    "nm_uf": "Espírito Santo",
    "sigla_uf": "ES",
    "cd_regia": "3",
    "nm_regia": "Sudeste",
    "sigla_rg": "SE",
    "cd_concu": null,
    "nm_concu": null,
    "area_km2": 295.189,
    "created_at": "2025-08-26T14:21:54.867267",
    "updated_at": "2025-08-26T14:21:54.867267"
  },
  {
    "id_municipio": 2524,
    "cd_mun": "3203007",
    "nm_mun": "Iúna",
    "cd_rgi": "320008",
    "nm_rgi": "Alegre",
    "cd_rgint": "3204",
    "nm_rgint": "Cachoeiro do Itapemirim",
    "cd_uf": "32",
    "nm_uf": "Espírito Santo",
    "sigla_uf": "ES",
    "cd_regia": "3",
    "nm_regia": "Sudeste",
    "sigla_rg": "SE",
    "cd_concu": null,
    "nm_concu": null,
    "area_km2": 460.586,
    "created_at": "2025-08-26T14:25:16.599609",
    "updated_at": "2025-08-26T14:25:16.599609"
  },
  {
    "id_municipio": 2627,
    "cd_mun": "3203056",
    "nm_mun": "Jaguaré",
    "cd_rgi": "320003",
    "nm_rgi": "São Mateus",
    "cd_rgint": "3202",
    "nm_rgint": "São Mateus",
    "cd_uf": "32",
    "nm_uf": "Espírito Santo",
    "sigla_uf": "ES",
    "cd_regia": "3",
    "nm_regia": "Sudeste",
    "sigla_rg": "SE",
    "cd_concu": null,
    "nm_concu": null,
    "area_km2": 659.751,
    "created_at": "2025-08-26T14:25:16.599609",
    "updated_at": "2025-08-26T14:25:16.599609"
  },
  {
    "id_municipio": 3093,
    "cd_mun": "3203106",
    "nm_mun": "Jerônimo Monteiro",
    "cd_rgi": "320007",
    "nm_rgi": "Cachoeiro de Itapemirim",
    "cd_rgint": "3204",
    "nm_rgint": "Cachoeiro do Itapemirim",
    "cd_uf": "32",
    "nm_uf": "Espírito Santo",
    "sigla_uf": "ES",
    "cd_regia": "3",
    "nm_regia": "Sudeste",
    "sigla_rg": "SE",
    "cd_concu": null,
    "nm_concu": null,
    "area_km2": 177.342,
    "created_at": "2025-08-26T14:26:59.412073",
    "updated_at": "2025-08-26T14:26:59.412073"
  },
  {
    "id_municipio": 3242,
    "cd_mun": "3203130",
    "nm_mun": "João Neiva",
    "cd_rgi": "320004",
    "nm_rgi": "Linhares",
    "cd_rgint": "3202",
    "nm_rgint": "São Mateus",
    "cd_uf": "32",
    "nm_uf": "Espírito Santo",
    "sigla_uf": "ES",
    "cd_regia": "3",
    "nm_regia": "Sudeste",
    "sigla_rg": "SE",
    "cd_concu": null,
    "nm_concu": null,
    "area_km2": 284.735,
    "created_at": "2025-08-26T14:26:59.412073",
    "updated_at": "2025-08-26T14:26:59.412073"
  },
  {
    "id_municipio": 3298,
    "cd_mun": "3203163",
    "nm_mun": "Laranja da Terra",
    "cd_rgi": "320002",
    "nm_rgi": "Afonso Cláudio - Venda Nova do Imigrante - Santa Maria de Jetibá",
    "cd_rgint": "3201",
    "nm_rgint": "Vitória",
    "cd_uf": "32",
    "nm_uf": "Espírito Santo",
    "sigla_uf": "ES",
    "cd_regia": "3",
    "nm_regia": "Sudeste",
    "sigla_rg": "SE",
    "cd_concu": null,
    "nm_concu": null,
    "area_km2": 458.37,
    "created_at": "2025-08-26T14:26:59.412073",
    "updated_at": "2025-08-26T14:26:59.412073"
  },
  {
    "id_municipio": 3810,
    "cd_mun": "3203205",
    "nm_mun": "Linhares",
    "cd_rgi": "320004",
    "nm_rgi": "Linhares",
    "cd_rgint": "3202",
    "nm_rgint": "São Mateus",
    "cd_uf": "32",
    "nm_uf": "Espírito Santo",
    "sigla_uf": "ES",
    "cd_regia": "3",
    "nm_regia": "Sudeste",
    "sigla_rg": "SE",
    "cd_concu": "3203205",
    "nm_concu": "Linhares",
    "area_km2": 3496.263,
    "created_at": "2025-08-26T14:28:39.681185",
    "updated_at": "2025-08-26T14:28:39.681185"
  },
  {
    "id_municipio": 1564,
    "cd_mun": "3203304",
    "nm_mun": "Mantenópolis",
    "cd_rgi": "320005",
    "nm_rgi": "Colatina",
    "cd_rgint": "3203",
    "nm_rgint": "Colatina",
    "cd_uf": "32",
    "nm_uf": "Espírito Santo",
    "sigla_uf": "ES",
    "cd_regia": "3",
    "nm_regia": "Sudeste",
    "sigla_rg": "SE",
    "cd_concu": null,
    "nm_concu": null,
    "area_km2": 321.418,
    "created_at": "2025-08-26T14:21:54.867267",
    "updated_at": "2025-08-26T14:21:54.867267"
  },
  {
    "id_municipio": 1727,
    "cd_mun": "3203320",
    "nm_mun": "Marataízes",
    "cd_rgi": "320007",
    "nm_rgi": "Cachoeiro de Itapemirim",
    "cd_rgint": "3204",
    "nm_rgint": "Cachoeiro do Itapemirim",
    "cd_uf": "32",
    "nm_uf": "Espírito Santo",
    "sigla_uf": "ES",
    "cd_regia": "3",
    "nm_regia": "Sudeste",
    "sigla_rg": "SE",
    "cd_concu": null,
    "nm_concu": null,
    "area_km2": 130.268,
    "created_at": "2025-08-26T14:21:54.867267",
    "updated_at": "2025-08-26T14:21:54.867267"
  },
  {
    "id_municipio": 1673,
    "cd_mun": "3203346",
    "nm_mun": "Marechal Floriano",
    "cd_rgi": "320002",
    "nm_rgi": "Afonso Cláudio - Venda Nova do Imigrante - Santa Maria de Jetibá",
    "cd_rgint": "3201",
    "nm_rgint": "Vitória",
    "cd_uf": "32",
    "nm_uf": "Espírito Santo",
    "sigla_uf": "ES",
    "cd_regia": "3",
    "nm_regia": "Sudeste",
    "sigla_rg": "SE",
    "cd_concu": null,
    "nm_concu": null,
    "area_km2": 285.495,
    "created_at": "2025-08-26T14:21:54.867267",
    "updated_at": "2025-08-26T14:21:54.867267"
  },
  {
    "id_municipio": 1707,
    "cd_mun": "3203353",
    "nm_mun": "Marilândia",
    "cd_rgi": "320005",
    "nm_rgi": "Colatina",
    "cd_rgint": "3203",
    "nm_rgint": "Colatina",
    "cd_uf": "32",
    "nm_uf": "Espírito Santo",
    "sigla_uf": "ES",
    "cd_regia": "3",
    "nm_regia": "Sudeste",
    "sigla_rg": "SE",
    "cd_concu": null,
    "nm_concu": null,
    "area_km2": 327.642,
    "created_at": "2025-08-26T14:21:54.867267",
    "updated_at": "2025-08-26T14:21:54.867267"
  },
  {
    "id_municipio": 2344,
    "cd_mun": "3203403",
    "nm_mun": "Mimoso do Sul",
    "cd_rgi": "320007",
    "nm_rgi": "Cachoeiro de Itapemirim",
    "cd_rgint": "3204",
    "nm_rgint": "Cachoeiro do Itapemirim",
    "cd_uf": "32",
    "nm_uf": "Espírito Santo",
    "sigla_uf": "ES",
    "cd_regia": "3",
    "nm_regia": "Sudeste",
    "sigla_rg": "SE",
    "cd_concu": null,
    "nm_concu": null,
    "area_km2": 869.439,
    "created_at": "2025-08-26T14:23:37.304089",
    "updated_at": "2025-08-26T14:23:37.304089"
  },
  {
    "id_municipio": 141,
    "cd_mun": "3203502",
    "nm_mun": "Montanha",
    "cd_rgi": "320003",
    "nm_rgi": "São Mateus",
    "cd_rgint": "3202",
    "nm_rgint": "São Mateus",
    "cd_uf": "32",
    "nm_uf": "Espírito Santo",
    "sigla_uf": "ES",
    "cd_regia": "3",
    "nm_regia": "Sudeste",
    "sigla_rg": "SE",
    "cd_concu": null,
    "nm_concu": null,
    "area_km2": 1099.06,
    "created_at": "2025-08-26T14:16:49.632282",
    "updated_at": "2025-08-26T14:16:49.632282"
  },
  {
    "id_municipio": 865,
    "cd_mun": "3203601",
    "nm_mun": "Mucurici",
    "cd_rgi": "320003",
    "nm_rgi": "São Mateus",
    "cd_rgint": "3202",
    "nm_rgint": "São Mateus",
    "cd_uf": "32",
    "nm_uf": "Espírito Santo",
    "sigla_uf": "ES",
    "cd_regia": "3",
    "nm_regia": "Sudeste",
    "sigla_rg": "SE",
    "cd_concu": null,
    "nm_concu": null,
    "area_km2": 540.529,
    "created_at": "2025-08-26T14:18:30.386240",
    "updated_at": "2025-08-26T14:18:30.386240"
  },
  {
    "id_municipio": 4400,
    "cd_mun": "3203700",
    "nm_mun": "Muniz Freire",
    "cd_rgi": "320008",
    "nm_rgi": "Alegre",
    "cd_rgint": "3204",
    "nm_rgint": "Cachoeiro do Itapemirim",
    "cd_uf": "32",
    "nm_uf": "Espírito Santo",
    "sigla_uf": "ES",
    "cd_regia": "3",
    "nm_regia": "Sudeste",
    "sigla_rg": "SE",
    "cd_concu": null,
    "nm_concu": null,
    "area_km2": 678.804,
    "created_at": "2025-08-26T14:30:16.147650",
    "updated_at": "2025-08-26T14:30:16.147650"
  },
  {
    "id_municipio": 5126,
    "cd_mun": "3203809",
    "nm_mun": "Muqui",
    "cd_rgi": "320007",
    "nm_rgi": "Cachoeiro de Itapemirim",
    "cd_rgint": "3204",
    "nm_rgint": "Cachoeiro do Itapemirim",
    "cd_uf": "32",
    "nm_uf": "Espírito Santo",
    "sigla_uf": "ES",
    "cd_regia": "3",
    "nm_regia": "Sudeste",
    "sigla_rg": "SE",
    "cd_concu": null,
    "nm_concu": null,
    "area_km2": 327.268,
    "created_at": "2025-08-26T14:33:28.234007",
    "updated_at": "2025-08-26T14:33:28.234007"
  },
  {
    "id_municipio": 2924,
    "cd_mun": "3203908",
    "nm_mun": "Nova Venécia",
    "cd_rgi": "320006",
    "nm_rgi": "Nova Venécia",
    "cd_rgint": "3203",
    "nm_rgint": "Colatina",
    "cd_uf": "32",
    "nm_uf": "Espírito Santo",
    "sigla_uf": "ES",
    "cd_regia": "3",
    "nm_regia": "Sudeste",
    "sigla_rg": "SE",
    "cd_concu": null,
    "nm_concu": null,
    "area_km2": 1439.571,
    "created_at": "2025-08-26T14:25:16.599609",
    "updated_at": "2025-08-26T14:25:16.599609"
  },
  {
    "id_municipio": 632,
    "cd_mun": "3204005",
    "nm_mun": "Pancas",
    "cd_rgi": "320005",
    "nm_rgi": "Colatina",
    "cd_rgint": "3203",
    "nm_rgint": "Colatina",
    "cd_uf": "32",
    "nm_uf": "Espírito Santo",
    "sigla_uf": "ES",
    "cd_regia": "3",
    "nm_regia": "Sudeste",
    "sigla_rg": "SE",
    "cd_concu": null,
    "nm_concu": null,
    "area_km2": 837.842,
    "created_at": "2025-08-26T14:18:30.386240",
    "updated_at": "2025-08-26T14:18:30.386240"
  },
  {
    "id_municipio": 822,
    "cd_mun": "3204054",
    "nm_mun": "Pedro Canário",
    "cd_rgi": "320003",
    "nm_rgi": "São Mateus",
    "cd_rgint": "3202",
    "nm_rgint": "São Mateus",
    "cd_uf": "32",
    "nm_uf": "Espírito Santo",
    "sigla_uf": "ES",
    "cd_regia": "3",
    "nm_regia": "Sudeste",
    "sigla_rg": "SE",
    "cd_concu": null,
    "nm_concu": null,
    "area_km2": 433.453,
    "created_at": "2025-08-26T14:18:30.386240",
    "updated_at": "2025-08-26T14:18:30.386240"
  },
  {
    "id_municipio": 4159,
    "cd_mun": "3204104",
    "nm_mun": "Pinheiros",
    "cd_rgi": "320003",
    "nm_rgi": "São Mateus",
    "cd_rgint": "3202",
    "nm_rgint": "São Mateus",
    "cd_uf": "32",
    "nm_uf": "Espírito Santo",
    "sigla_uf": "ES",
    "cd_regia": "3",
    "nm_regia": "Sudeste",
    "sigla_rg": "SE",
    "cd_concu": null,
    "nm_concu": null,
    "area_km2": 973.136,
    "created_at": "2025-08-26T14:30:16.147650",
    "updated_at": "2025-08-26T14:30:16.147650"
  },
  {
    "id_municipio": 4728,
    "cd_mun": "3204203",
    "nm_mun": "Piúma",
    "cd_rgi": "320001",
    "nm_rgi": "Vitória",
    "cd_rgint": "3201",
    "nm_rgint": "Vitória",
    "cd_uf": "32",
    "nm_uf": "Espírito Santo",
    "sigla_uf": "ES",
    "cd_regia": "3",
    "nm_regia": "Sudeste",
    "sigla_rg": "SE",
    "cd_concu": null,
    "nm_concu": null,
    "area_km2": 74.046,
    "created_at": "2025-08-26T14:31:56.583430",
    "updated_at": "2025-08-26T14:31:56.583430"
  },
  {
    "id_municipio": 4929,
    "cd_mun": "3204252",
    "nm_mun": "Ponto Belo",
    "cd_rgi": "320003",
    "nm_rgi": "São Mateus",
    "cd_rgint": "3202",
    "nm_rgint": "São Mateus",
    "cd_uf": "32",
    "nm_uf": "Espírito Santo",
    "sigla_uf": "ES",
    "cd_regia": "3",
    "nm_regia": "Sudeste",
    "sigla_rg": "SE",
    "cd_concu": null,
    "nm_concu": null,
    "area_km2": 360.11,
    "created_at": "2025-08-26T14:31:56.583430",
    "updated_at": "2025-08-26T14:31:56.583430"
  },
  {
    "id_municipio": 5481,
    "cd_mun": "3204302",
    "nm_mun": "Presidente Kennedy",
    "cd_rgi": "320007",
    "nm_rgi": "Cachoeiro de Itapemirim",
    "cd_rgint": "3204",
    "nm_rgint": "Cachoeiro do Itapemirim",
    "cd_uf": "32",
    "nm_uf": "Espírito Santo",
    "sigla_uf": "ES",
    "cd_regia": "3",
    "nm_regia": "Sudeste",
    "sigla_rg": "SE",
    "cd_concu": null,
    "nm_concu": null,
    "area_km2": 594.897,
    "created_at": "2025-08-26T14:33:28.234007",
    "updated_at": "2025-08-26T14:33:28.234007"
  },
  {
    "id_municipio": 2699,
    "cd_mun": "3204351",
    "nm_mun": "Rio Bananal",
    "cd_rgi": "320004",
    "nm_rgi": "Linhares",
    "cd_rgint": "3202",
    "nm_rgint": "São Mateus",
    "cd_uf": "32",
    "nm_uf": "Espírito Santo",
    "sigla_uf": "ES",
    "cd_regia": "3",
    "nm_regia": "Sudeste",
    "sigla_rg": "SE",
    "cd_concu": null,
    "nm_concu": null,
    "area_km2": 641.929,
    "created_at": "2025-08-26T14:25:16.599609",
    "updated_at": "2025-08-26T14:25:16.599609"
  },
  {
    "id_municipio": 3256,
    "cd_mun": "3204401",
    "nm_mun": "Rio Novo do Sul",
    "cd_rgi": "320007",
    "nm_rgi": "Cachoeiro de Itapemirim",
    "cd_rgint": "3204",
    "nm_rgint": "Cachoeiro do Itapemirim",
    "cd_uf": "32",
    "nm_uf": "Espírito Santo",
    "sigla_uf": "ES",
    "cd_regia": "3",
    "nm_regia": "Sudeste",
    "sigla_rg": "SE",
    "cd_concu": null,
    "nm_concu": null,
    "area_km2": 204.464,
    "created_at": "2025-08-26T14:26:59.412073",
    "updated_at": "2025-08-26T14:26:59.412073"
  },
  {
    "id_municipio": 3980,
    "cd_mun": "3204500",
    "nm_mun": "Santa Leopoldina",
    "cd_rgi": "320002",
    "nm_rgi": "Afonso Cláudio - Venda Nova do Imigrante - Santa Maria de Jetibá",
    "cd_rgint": "3201",
    "nm_rgint": "Vitória",
    "cd_uf": "32",
    "nm_uf": "Espírito Santo",
    "sigla_uf": "ES",
    "cd_regia": "3",
    "nm_regia": "Sudeste",
    "sigla_rg": "SE",
    "cd_concu": null,
    "nm_concu": null,
    "area_km2": 718.325,
    "created_at": "2025-08-26T14:28:39.681185",
    "updated_at": "2025-08-26T14:28:39.681185"
  },
  {
    "id_municipio": 4005,
    "cd_mun": "3204559",
    "nm_mun": "Santa Maria de Jetibá",
    "cd_rgi": "320002",
    "nm_rgi": "Afonso Cláudio - Venda Nova do Imigrante - Santa Maria de Jetibá",
    "cd_rgint": "3201",
    "nm_rgint": "Vitória",
    "cd_uf": "32",
    "nm_uf": "Espírito Santo",
    "sigla_uf": "ES",
    "cd_regia": "3",
    "nm_regia": "Sudeste",
    "sigla_rg": "SE",
    "cd_concu": null,
    "nm_concu": null,
    "area_km2": 735.198,
    "created_at": "2025-08-26T14:30:16.147650",
    "updated_at": "2025-08-26T14:30:16.147650"
  },
  {
    "id_municipio": 1738,
    "cd_mun": "3204609",
    "nm_mun": "Santa Teresa",
    "cd_rgi": "320002",
    "nm_rgi": "Afonso Cláudio - Venda Nova do Imigrante - Santa Maria de Jetibá",
    "cd_rgint": "3201",
    "nm_rgint": "Vitória",
    "cd_uf": "32",
    "nm_uf": "Espírito Santo",
    "sigla_uf": "ES",
    "cd_regia": "3",
    "nm_regia": "Sudeste",
    "sigla_rg": "SE",
    "cd_concu": null,
    "nm_concu": null,
    "area_km2": 683.032,
    "created_at": "2025-08-26T14:21:54.867267",
    "updated_at": "2025-08-26T14:21:54.867267"
  },
  {
    "id_municipio": 1958,
    "cd_mun": "3204658",
    "nm_mun": "São Domingos do Norte",
    "cd_rgi": "320005",
    "nm_rgi": "Colatina",
    "cd_rgint": "3203",
    "nm_rgint": "Colatina",
    "cd_uf": "32",
    "nm_uf": "Espírito Santo",
    "sigla_uf": "ES",
    "cd_regia": "3",
    "nm_regia": "Sudeste",
    "sigla_rg": "SE",
    "cd_concu": null,
    "nm_concu": null,
    "area_km2": 298.58,
    "created_at": "2025-08-26T14:21:54.867267",
    "updated_at": "2025-08-26T14:21:54.867267"
  },
  {
    "id_municipio": 2485,
    "cd_mun": "3204708",
    "nm_mun": "São Gabriel da Palha",
    "cd_rgi": "320005",
    "nm_rgi": "Colatina",
    "cd_rgint": "3203",
    "nm_rgint": "Colatina",
    "cd_uf": "32",
    "nm_uf": "Espírito Santo",
    "sigla_uf": "ES",
    "cd_regia": "3",
    "nm_regia": "Sudeste",
    "sigla_rg": "SE",
    "cd_concu": null,
    "nm_concu": null,
    "area_km2": 434.887,
    "created_at": "2025-08-26T14:23:37.304089",
    "updated_at": "2025-08-26T14:23:37.304089"
  },
  {
    "id_municipio": 288,
    "cd_mun": "3204807",
    "nm_mun": "São José do Calçado",
    "cd_rgi": "320008",
    "nm_rgi": "Alegre",
    "cd_rgint": "3204",
    "nm_rgint": "Cachoeiro do Itapemirim",
    "cd_uf": "32",
    "nm_uf": "Espírito Santo",
    "sigla_uf": "ES",
    "cd_regia": "3",
    "nm_regia": "Sudeste",
    "sigla_rg": "SE",
    "cd_concu": null,
    "nm_concu": null,
    "area_km2": 273.489,
    "created_at": "2025-08-26T14:16:49.632282",
    "updated_at": "2025-08-26T14:16:49.632282"
  },
  {
    "id_municipio": 1009,
    "cd_mun": "3204906",
    "nm_mun": "São Mateus",
    "cd_rgi": "320003",
    "nm_rgi": "São Mateus",
    "cd_rgint": "3202",
    "nm_rgint": "São Mateus",
    "cd_uf": "32",
    "nm_uf": "Espírito Santo",
    "sigla_uf": "ES",
    "cd_regia": "3",
    "nm_regia": "Sudeste",
    "sigla_rg": "SE",
    "cd_concu": "3204906",
    "nm_concu": "São Mateus",
    "area_km2": 2346.049,
    "created_at": "2025-08-26T14:20:11.646400",
    "updated_at": "2025-08-26T14:20:11.646400"
  },
  {
    "id_municipio": 1049,
    "cd_mun": "3204955",
    "nm_mun": "São Roque do Canaã",
    "cd_rgi": "320005",
    "nm_rgi": "Colatina",
    "cd_rgint": "3203",
    "nm_rgint": "Colatina",
    "cd_uf": "32",
    "nm_uf": "Espírito Santo",
    "sigla_uf": "ES",
    "cd_regia": "3",
    "nm_regia": "Sudeste",
    "sigla_rg": "SE",
    "cd_concu": null,
    "nm_concu": null,
    "area_km2": 341.944,
    "created_at": "2025-08-26T14:20:11.646400",
    "updated_at": "2025-08-26T14:20:11.646400"
  },
  {
    "id_municipio": 1391,
    "cd_mun": "3205002",
    "nm_mun": "Serra",
    "cd_rgi": "320001",
    "nm_rgi": "Vitória",
    "cd_rgint": "3201",
    "nm_rgint": "Vitória",
    "cd_uf": "32",
    "nm_uf": "Espírito Santo",
    "sigla_uf": "ES",
    "cd_regia": "3",
    "nm_regia": "Sudeste",
    "sigla_rg": "SE",
    "cd_concu": "3205309",
    "nm_concu": "Vitória/ES",
    "area_km2": 547.631,
    "created_at": "2025-08-26T14:20:11.646400",
    "updated_at": "2025-08-26T14:20:11.646400"
  },
  {
    "id_municipio": 1410,
    "cd_mun": "3205010",
    "nm_mun": "Sooretama",
    "cd_rgi": "320004",
    "nm_rgi": "Linhares",
    "cd_rgint": "3202",
    "nm_rgint": "São Mateus",
    "cd_uf": "32",
    "nm_uf": "Espírito Santo",
    "sigla_uf": "ES",
    "cd_regia": "3",
    "nm_regia": "Sudeste",
    "sigla_rg": "SE",
    "cd_concu": null,
    "nm_concu": null,
    "area_km2": 587.036,
    "created_at": "2025-08-26T14:20:11.646400",
    "updated_at": "2025-08-26T14:20:11.646400"
  },
  {
    "id_municipio": 1547,
    "cd_mun": "3205036",
    "nm_mun": "Vargem Alta",
    "cd_rgi": "320007",
    "nm_rgi": "Cachoeiro de Itapemirim",
    "cd_rgint": "3204",
    "nm_rgint": "Cachoeiro do Itapemirim",
    "cd_uf": "32",
    "nm_uf": "Espírito Santo",
    "sigla_uf": "ES",
    "cd_regia": "3",
    "nm_regia": "Sudeste",
    "sigla_rg": "SE",
    "cd_concu": null,
    "nm_concu": null,
    "area_km2": 417.76,
    "created_at": "2025-08-26T14:21:54.867267",
    "updated_at": "2025-08-26T14:21:54.867267"
  },
  {
    "id_municipio": 1622,
    "cd_mun": "3205069",
    "nm_mun": "Venda Nova do Imigrante",
    "cd_rgi": "320002",
    "nm_rgi": "Afonso Cláudio - Venda Nova do Imigrante - Santa Maria de Jetibá",
    "cd_rgint": "3201",
    "nm_rgint": "Vitória",
    "cd_uf": "32",
    "nm_uf": "Espírito Santo",
    "sigla_uf": "ES",
    "cd_regia": "3",
    "nm_regia": "Sudeste",
    "sigla_rg": "SE",
    "cd_concu": null,
    "nm_concu": null,
    "area_km2": 185.909,
    "created_at": "2025-08-26T14:21:54.867267",
    "updated_at": "2025-08-26T14:21:54.867267"
  },
  {
    "id_municipio": 2150,
    "cd_mun": "3205101",
    "nm_mun": "Viana",
    "cd_rgi": "320001",
    "nm_rgi": "Vitória",
    "cd_rgint": "3201",
    "nm_rgint": "Vitória",
    "cd_uf": "32",
    "nm_uf": "Espírito Santo",
    "sigla_uf": "ES",
    "cd_regia": "3",
    "nm_regia": "Sudeste",
    "sigla_rg": "SE",
    "cd_concu": "3205309",
    "nm_concu": "Vitória/ES",
    "area_km2": 312.279,
    "created_at": "2025-08-26T14:23:37.304089",
    "updated_at": "2025-08-26T14:23:37.304089"
  },
  {
    "id_municipio": 2285,
    "cd_mun": "3205150",
    "nm_mun": "Vila Pavão",
    "cd_rgi": "320006",
    "nm_rgi": "Nova Venécia",
    "cd_rgint": "3203",
    "nm_rgint": "Colatina",
    "cd_uf": "32",
    "nm_uf": "Espírito Santo",
    "sigla_uf": "ES",
    "cd_regia": "3",
    "nm_regia": "Sudeste",
    "sigla_rg": "SE",
    "cd_concu": null,
    "nm_concu": null,
    "area_km2": 433.257,
    "created_at": "2025-08-26T14:23:37.304089",
    "updated_at": "2025-08-26T14:23:37.304089"
  },
  {
    "id_municipio": 2233,
    "cd_mun": "3205176",
    "nm_mun": "Vila Valério",
    "cd_rgi": "320005",
    "nm_rgi": "Colatina",
    "cd_rgint": "3203",
    "nm_rgint": "Colatina",
    "cd_uf": "32",
    "nm_uf": "Espírito Santo",
    "sigla_uf": "ES",
    "cd_regia": "3",
    "nm_regia": "Sudeste",
    "sigla_rg": "SE",
    "cd_concu": null,
    "nm_concu": null,
    "area_km2": 470.343,
    "created_at": "2025-08-26T14:23:37.304089",
    "updated_at": "2025-08-26T14:23:37.304089"
  },
  {
    "id_municipio": 5537,
    "cd_mun": "3205200",
    "nm_mun": "Vila Velha",
    "cd_rgi": "320001",
    "nm_rgi": "Vitória",
    "cd_rgint": "3201",
    "nm_rgint": "Vitória",
    "cd_uf": "32",
    "nm_uf": "Espírito Santo",
    "sigla_uf": "ES",
    "cd_regia": "3",
    "nm_regia": "Sudeste",
    "sigla_rg": "SE",
    "cd_concu": "3205309",
    "nm_concu": "Vitória/ES",
    "area_km2": 210.225,
    "created_at": "2025-08-26T14:35:19.138031",
    "updated_at": "2025-08-26T14:35:19.138031"
  },
  {
    "id_municipio": 680,
    "cd_mun": "3205309",
    "nm_mun": "Vitória",
    "cd_rgi": "320001",
    "nm_rgi": "Vitória",
    "cd_rgint": "3201",
    "nm_rgint": "Vitória",
    "cd_uf": "32",
    "nm_uf": "Espírito Santo",
    "sigla_uf": "ES",
    "cd_regia": "3",
    "nm_regia": "Sudeste",
    "sigla_rg": "SE",
    "cd_concu": "3205309",
    "nm_concu": "Vitória/ES",
    "area_km2": 97.123,
    "created_at": "2025-08-26T14:18:30.386240",
    "updated_at": "2025-08-26T14:18:30.386240"
  }
]