[
  {
    "id_municipio": 466,
    "cd_mun": "5000203",
    "nm_mun": "Água Clara",
    "cd_rgi": "500002",
    "nm_rgi": "Três Lagoas",
    "cd_rgint": "5001",
    "nm_rgint": "Campo Grande",
    "cd_uf": "50",
    "nm_uf": "Mato Grosso do Sul",
    "sigla_uf": "MS",
    "cd_regia": "5",
    "nm_regia": "Centro-oeste",
    "sigla_rg": "CO",
    "cd_concu": null,
    "nm_concu": null,
    "area_km2": 7781.558,
    "created_at": "2025-08-26T14:16:49.632282",
    "updated_at": "2025-08-26T14:16:49.632282"
  },
  {
    "id_municipio": 3272,
    "cd_mun": "5000252",
    "nm_mun": "Alcinópolis",
    "cd_rgi": "500004",
    "nm_rgi": "Coxim",
    "cd_rgint": "5001",
    "nm_rgint": "Campo Grande",
    "cd_uf": "50",
    "nm_uf": "Mato Grosso do Sul",
    "sigla_uf": "MS",
    "cd_regia": "5",
    "nm_regia": "Centro-oeste",
    "sigla_rg": "CO",
    "cd_concu": null,
    "nm_concu": null,
    "area_km2": 4397.518,
    "created_at": "2025-08-26T14:26:59.412073",
    "updated_at": "2025-08-26T14:26:59.412073"
  },
  {
    "id_municipio": 3084,
    "cd_mun": "5000609",
    "nm_mun": "Amambai",
    "cd_rgi": "500009",
    "nm_rgi": "Amambai",
    "cd_rgint": "5002",
    "nm_rgint": "Dourados",
    "cd_uf": "50",
    "nm_uf": "Mato Grosso do Sul",
    "sigla_uf": "MS",
    "cd_regia": "5",
    "nm_regia": "Centro-oeste",
    "sigla_rg": "CO",
    "cd_concu": null,
    "nm_concu": null,
    "area_km2": 4193.742,
    "created_at": "2025-08-26T14:26:59.412073",
    "updated_at": "2025-08-26T14:26:59.412073"
  },
  {
    "id_municipio": 868,
    "cd_mun": "5000708",
    "nm_mun": "Anastácio",
    "cd_rgi": "500012",
    "nm_rgi": "Aquidauana - Anastácio",
    "cd_rgint": "5003",
    "nm_rgint": "Corumbá",
    "cd_uf": "50",
    "nm_uf": "Mato Grosso do Sul",
    "sigla_uf": "MS",
    "cd_regia": "5",
    "nm_regia": "Centro-oeste",
    "sigla_rg": "CO",
    "cd_concu": null,
    "nm_concu": null,
    "area_km2": 2913.108,
    "created_at": "2025-08-26T14:18:30.386240",
    "updated_at": "2025-08-26T14:18:30.386240"
  },
  {
    "id_municipio": 1567,
    "cd_mun": "5000807",
    "nm_mun": "Anaurilândia",
    "cd_rgi": "500007",
    "nm_rgi": "Nova Andradina",
    "cd_rgint": "5002",
    "nm_rgint": "Dourados",
    "cd_uf": "50",
    "nm_uf": "Mato Grosso do Sul",
    "sigla_uf": "MS",
    "cd_regia": "5",
    "nm_regia": "Centro-oeste",
    "sigla_rg": "CO",
    "cd_concu": null,
    "nm_concu": null,
    "area_km2": 3415.657,
    "created_at": "2025-08-26T14:21:54.867267",
    "updated_at": "2025-08-26T14:21:54.867267"
  },
  {
    "id_municipio": 1586,
    "cd_mun": "5000856",
    "nm_mun": "Angélica",
    "cd_rgi": "500007",
    "nm_rgi": "Nova Andradina",
    "cd_rgint": "5002",
    "nm_rgint": "Dourados",
    "cd_uf": "50",
    "nm_uf": "Mato Grosso do Sul",
    "sigla_uf": "MS",
    "cd_regia": "5",
    "nm_regia": "Centro-oeste",
    "sigla_rg": "CO",
    "cd_concu": null,
    "nm_concu": null,
    "area_km2": 1283.629,
    "created_at": "2025-08-26T14:21:54.867267",
    "updated_at": "2025-08-26T14:21:54.867267"
  },
  {
    "id_municipio": 4945,
    "cd_mun": "5000906",
    "nm_mun": "Antônio João",
    "cd_rgi": "500008",
    "nm_rgi": "Ponta Porã",
    "cd_rgint": "5002",
    "nm_rgint": "Dourados",
    "cd_uf": "50",
    "nm_uf": "Mato Grosso do Sul",
    "sigla_uf": "MS",
    "cd_regia": "5",
    "nm_regia": "Centro-oeste",
    "sigla_rg": "CO",
    "cd_concu": null,
    "nm_concu": null,
    "area_km2": 1095.9,
    "created_at": "2025-08-26T14:31:56.583430",
    "updated_at": "2025-08-26T14:31:56.583430"
  },
  {
    "id_municipio": 2733,
    "cd_mun": "5001003",
    "nm_mun": "Aparecida do Taboado",
    "cd_rgi": "500003",
    "nm_rgi": "Paranaíba - Chapadão do Sul - Cassilândia",
    "cd_rgint": "5001",
    "nm_rgint": "Campo Grande",
    "cd_uf": "50",
    "nm_uf": "Mato Grosso do Sul",
    "sigla_uf": "MS",
    "cd_regia": "5",
    "nm_regia": "Centro-oeste",
    "sigla_rg": "CO",
    "cd_concu": null,
    "nm_concu": null,
    "area_km2": 2751.485,
    "created_at": "2025-08-26T14:25:16.599609",
    "updated_at": "2025-08-26T14:25:16.599609"
  },
  {
    "id_municipio": 544,
    "cd_mun": "5001102",
    "nm_mun": "Aquidauana",
    "cd_rgi": "500012",
    "nm_rgi": "Aquidauana - Anastácio",
    "cd_rgint": "5003",
    "nm_rgint": "Corumbá",
    "cd_uf": "50",
    "nm_uf": "Mato Grosso do Sul",
    "sigla_uf": "MS",
    "cd_regia": "5",
    "nm_regia": "Centro-oeste",
    "sigla_rg": "CO",
    "cd_concu": null,
    "nm_concu": null,
    "area_km2": 17087.976,
    "created_at": "2025-08-26T14:18:30.386240",
    "updated_at": "2025-08-26T14:18:30.386240"
  },
  {
    "id_municipio": 1349,
    "cd_mun": "5001243",
    "nm_mun": "Aral Moreira",
    "cd_rgi": "500008",
    "nm_rgi": "Ponta Porã",
    "cd_rgint": "5002",
    "nm_rgint": "Dourados",
    "cd_uf": "50",
    "nm_uf": "Mato Grosso do Sul",
    "sigla_uf": "MS",
    "cd_regia": "5",
    "nm_regia": "Centro-oeste",
    "sigla_rg": "CO",
    "cd_concu": null,
    "nm_concu": null,
    "area_km2": 1653.86,
    "created_at": "2025-08-26T14:20:11.646400",
    "updated_at": "2025-08-26T14:20:11.646400"
  },
  {
    "id_municipio": 354,
    "cd_mun": "5001508",
    "nm_mun": "Bandeirantes",
    "cd_rgi": "500001",
    "nm_rgi": "Campo Grande",
    "cd_rgint": "5001",
    "nm_rgint": "Campo Grande",
    "cd_uf": "50",
    "nm_uf": "Mato Grosso do Sul",
    "sigla_uf": "MS",
    "cd_regia": "5",
    "nm_regia": "Centro-oeste",
    "sigla_rg": "CO",
    "cd_concu": null,
    "nm_concu": null,
    "area_km2": 3363.487,
    "created_at": "2025-08-26T14:16:49.632282",
    "updated_at": "2025-08-26T14:16:49.632282"
  },
  {
    "id_municipio": 2973,
    "cd_mun": "5001904",
    "nm_mun": "Bataguassu",
    "cd_rgi": "500002",
    "nm_rgi": "Três Lagoas",
    "cd_rgint": "5001",
    "nm_rgint": "Campo Grande",
    "cd_uf": "50",
    "nm_uf": "Mato Grosso do Sul",
    "sigla_uf": "MS",
    "cd_regia": "5",
    "nm_regia": "Centro-oeste",
    "sigla_rg": "CO",
    "cd_concu": null,
    "nm_concu": null,
    "area_km2": 2392.476,
    "created_at": "2025-08-26T14:25:16.599609",
    "updated_at": "2025-08-26T14:25:16.599609"
  },
  {
    "id_municipio": 3606,
    "cd_mun": "5002001",
    "nm_mun": "Batayporã",
    "cd_rgi": "500007",
    "nm_rgi": "Nova Andradina",
    "cd_rgint": "5002",
    "nm_rgint": "Dourados",
    "cd_uf": "50",
    "nm_uf": "Mato Grosso do Sul",
    "sigla_uf": "MS",
    "cd_regia": "5",
    "nm_regia": "Centro-oeste",
    "sigla_rg": "CO",
    "cd_concu": null,
    "nm_concu": null,
    "area_km2": 1826.578,
    "created_at": "2025-08-26T14:28:39.681185",
    "updated_at": "2025-08-26T14:28:39.681185"
  },
  {
    "id_municipio": 4374,
    "cd_mun": "5002100",
    "nm_mun": "Bela Vista",
    "cd_rgi": "500011",
    "nm_rgi": "Jardim",
    "cd_rgint": "5003",
    "nm_rgint": "Corumbá",
    "cd_uf": "50",
    "nm_uf": "Mato Grosso do Sul",
    "sigla_uf": "MS",
    "cd_regia": "5",
    "nm_regia": "Centro-oeste",
    "sigla_rg": "CO",
    "cd_concu": null,
    "nm_concu": null,
    "area_km2": 4956.473,
    "created_at": "2025-08-26T14:30:16.147650",
    "updated_at": "2025-08-26T14:30:16.147650"
  },
  {
    "id_municipio": 4384,
    "cd_mun": "5002159",
    "nm_mun": "Bodoquena",
    "cd_rgi": "500012",
    "nm_rgi": "Aquidauana - Anastácio",
    "cd_rgint": "5003",
    "nm_rgint": "Corumbá",
    "cd_uf": "50",
    "nm_uf": "Mato Grosso do Sul",
    "sigla_uf": "MS",
    "cd_regia": "5",
    "nm_regia": "Centro-oeste",
    "sigla_rg": "CO",
    "cd_concu": null,
    "nm_concu": null,
    "area_km2": 2589.14,
    "created_at": "2025-08-26T14:30:16.147650",
    "updated_at": "2025-08-26T14:30:16.147650"
  },
  {
    "id_municipio": 2151,
    "cd_mun": "5002209",
    "nm_mun": "Bonito",
    "cd_rgi": "500011",
    "nm_rgi": "Jardim",
    "cd_rgint": "5003",
    "nm_rgint": "Corumbá",
    "cd_uf": "50",
    "nm_uf": "Mato Grosso do Sul",
    "sigla_uf": "MS",
    "cd_regia": "5",
    "nm_regia": "Centro-oeste",
    "sigla_rg": "CO",
    "cd_concu": null,
    "nm_concu": null,
    "area_km2": 5378.723,
    "created_at": "2025-08-26T14:23:37.304089",
    "updated_at": "2025-08-26T14:23:37.304089"
  },
  {
    "id_municipio": 2901,
    "cd_mun": "5002308",
    "nm_mun": "Brasilândia",
    "cd_rgi": "500002",
    "nm_rgi": "Três Lagoas",
    "cd_rgint": "5001",
    "nm_rgint": "Campo Grande",
    "cd_uf": "50",
    "nm_uf": "Mato Grosso do Sul",
    "sigla_uf": "MS",
    "cd_regia": "5",
    "nm_regia": "Centro-oeste",
    "sigla_rg": "CO",
    "cd_concu": null,
    "nm_concu": null,
    "area_km2": 5803.542,
    "created_at": "2025-08-26T14:25:16.599609",
    "updated_at": "2025-08-26T14:25:16.599609"
  },
  {
    "id_municipio": 3448,
    "cd_mun": "5002407",
    "nm_mun": "Caarapó",
    "cd_rgi": "500005",
    "nm_rgi": "Dourados",
    "cd_rgint": "5002",
    "nm_rgint": "Dourados",
    "cd_uf": "50",
    "nm_uf": "Mato Grosso do Sul",
    "sigla_uf": "MS",
    "cd_regia": "5",
    "nm_regia": "Centro-oeste",
    "sigla_rg": "CO",
    "cd_concu": null,
    "nm_concu": null,
    "area_km2": 2115.73,
    "created_at": "2025-08-26T14:26:59.412073",
    "updated_at": "2025-08-26T14:26:59.412073"
  },
  {
    "id_municipio": 1988,
    "cd_mun": "5002605",
    "nm_mun": "Camapuã",
    "cd_rgi": "500001",
    "nm_rgi": "Campo Grande",
    "cd_rgint": "5001",
    "nm_rgint": "Campo Grande",
    "cd_uf": "50",
    "nm_uf": "Mato Grosso do Sul",
    "sigla_uf": "MS",
    "cd_regia": "5",
    "nm_regia": "Centro-oeste",
    "sigla_rg": "CO",
    "cd_concu": null,
    "nm_concu": null,
    "area_km2": 6238.127,
    "created_at": "2025-08-26T14:21:54.867267",
    "updated_at": "2025-08-26T14:21:54.867267"
  },
  {
    "id_municipio": 5521,
    "cd_mun": "5002704",
    "nm_mun": "Campo Grande",
    "cd_rgi": "500001",
    "nm_rgi": "Campo Grande",
    "cd_rgint": "5001",
    "nm_rgint": "Campo Grande",
    "cd_uf": "50",
    "nm_uf": "Mato Grosso do Sul",
    "sigla_uf": "MS",
    "cd_regia": "5",
    "nm_regia": "Centro-oeste",
    "sigla_rg": "CO",
    "cd_concu": "5002704",
    "nm_concu": "Campo Grande",
    "area_km2": 8082.327,
    "created_at": "2025-08-26T14:35:19.138031",
    "updated_at": "2025-08-26T14:35:19.138031"
  },
  {
    "id_municipio": 529,
    "cd_mun": "5002803",
    "nm_mun": "Caracol",
    "cd_rgi": "500011",
    "nm_rgi": "Jardim",
    "cd_rgint": "5003",
    "nm_rgint": "Corumbá",
    "cd_uf": "50",
    "nm_uf": "Mato Grosso do Sul",
    "sigla_uf": "MS",
    "cd_regia": "5",
    "nm_regia": "Centro-oeste",
    "sigla_rg": "CO",
    "cd_concu": null,
    "nm_concu": null,
    "area_km2": 2928.706,
    "created_at": "2025-08-26T14:18:30.386240",
    "updated_at": "2025-08-26T14:18:30.386240"
  },
  {
    "id_municipio": 4021,
    "cd_mun": "5002902",
    "nm_mun": "Cassilândia",
    "cd_rgi": "500003",
    "nm_rgi": "Paranaíba - Chapadão do Sul - Cassilândia",
    "cd_rgint": "5001",
    "nm_rgint": "Campo Grande",
    "cd_uf": "50",
    "nm_uf": "Mato Grosso do Sul",
    "sigla_uf": "MS",
    "cd_regia": "5",
    "nm_regia": "Centro-oeste",
    "sigla_rg": "CO",
    "cd_concu": null,
    "nm_concu": null,
    "area_km2": 3711.711,
    "created_at": "2025-08-26T14:30:16.147650",
    "updated_at": "2025-08-26T14:30:16.147650"
  },
  {
    "id_municipio": 4055,
    "cd_mun": "5002951",
    "nm_mun": "Chapadão do Sul",
    "cd_rgi": "500003",
    "nm_rgi": "Paranaíba - Chapadão do Sul - Cassilândia",
    "cd_rgint": "5001",
    "nm_rgint": "Campo Grande",
    "cd_uf": "50",
    "nm_uf": "Mato Grosso do Sul",
    "sigla_uf": "MS",
    "cd_regia": "5",
    "nm_regia": "Centro-oeste",
    "sigla_rg": "CO",
    "cd_concu": null,
    "nm_concu": null,
    "area_km2": 3252.327,
    "created_at": "2025-08-26T14:30:16.147650",
    "updated_at": "2025-08-26T14:30:16.147650"
  },
  {
    "id_municipio": 5156,
    "cd_mun": "5003108",
    "nm_mun": "Corguinho",
    "cd_rgi": "500001",
    "nm_rgi": "Campo Grande",
    "cd_rgint": "5001",
    "nm_rgint": "Campo Grande",
    "cd_uf": "50",
    "nm_uf": "Mato Grosso do Sul",
    "sigla_uf": "MS",
    "cd_regia": "5",
    "nm_regia": "Centro-oeste",
    "sigla_rg": "CO",
    "cd_concu": null,
    "nm_concu": null,
    "area_km2": 2638.923,
    "created_at": "2025-08-26T14:33:28.234007",
    "updated_at": "2025-08-26T14:33:28.234007"
  },
  {
    "id_municipio": 5277,
    "cd_mun": "5003157",
    "nm_mun": "Coronel Sapucaia",
    "cd_rgi": "500009",
    "nm_rgi": "Amambai",
    "cd_rgint": "5002",
    "nm_rgint": "Dourados",
    "cd_uf": "50",
    "nm_uf": "Mato Grosso do Sul",
    "sigla_uf": "MS",
    "cd_regia": "5",
    "nm_regia": "Centro-oeste",
    "sigla_rg": "CO",
    "cd_concu": null,
    "nm_concu": null,
    "area_km2": 1023.727,
    "created_at": "2025-08-26T14:33:28.234007",
    "updated_at": "2025-08-26T14:33:28.234007"
  },
  {
    "id_municipio": 182,
    "cd_mun": "5003207",
    "nm_mun": "Corumbá",
    "cd_rgi": "500010",
    "nm_rgi": "Corumbá",
    "cd_rgint": "5003",
    "nm_rgint": "Corumbá",
    "cd_uf": "50",
    "nm_uf": "Mato Grosso do Sul",
    "sigla_uf": "MS",
    "cd_regia": "5",
    "nm_regia": "Centro-oeste",
    "sigla_rg": "CO",
    "cd_concu": "5003207",
    "nm_concu": "Internacional de Corumbá/Brasil",
    "area_km2": 64431.145,
    "created_at": "2025-08-26T14:16:49.632282",
    "updated_at": "2025-08-26T14:16:49.632282"
  },
  {
    "id_municipio": 300,
    "cd_mun": "5003256",
    "nm_mun": "Costa Rica",
    "cd_rgi": "500004",
    "nm_rgi": "Coxim",
    "cd_rgint": "5001",
    "nm_rgint": "Campo Grande",
    "cd_uf": "50",
    "nm_uf": "Mato Grosso do Sul",
    "sigla_uf": "MS",
    "cd_regia": "5",
    "nm_regia": "Centro-oeste",
    "sigla_rg": "CO",
    "cd_concu": null,
    "nm_concu": null,
    "area_km2": 4159.384,
    "created_at": "2025-08-26T14:16:49.632282",
    "updated_at": "2025-08-26T14:16:49.632282"
  },
  {
    "id_municipio": 3667,
    "cd_mun": "5003306",
    "nm_mun": "Coxim",
    "cd_rgi": "500004",
    "nm_rgi": "Coxim",
    "cd_rgint": "5001",
    "nm_rgint": "Campo Grande",
    "cd_uf": "50",
    "nm_uf": "Mato Grosso do Sul",
    "sigla_uf": "MS",
    "cd_regia": "5",
    "nm_regia": "Centro-oeste",
    "sigla_rg": "CO",
    "cd_concu": null,
    "nm_concu": null,
    "area_km2": 6390.663,
    "created_at": "2025-08-26T14:28:39.681185",
    "updated_at": "2025-08-26T14:28:39.681185"
  },
  {
    "id_municipio": 4376,
    "cd_mun": "5003454",
    "nm_mun": "Deodápolis",
    "cd_rgi": "500005",
    "nm_rgi": "Dourados",
    "cd_rgint": "5002",
    "nm_rgint": "Dourados",
    "cd_uf": "50",
    "nm_uf": "Mato Grosso do Sul",
    "sigla_uf": "MS",
    "cd_regia": "5",
    "nm_regia": "Centro-oeste",
    "sigla_rg": "CO",
    "cd_concu": null,
    "nm_concu": null,
    "area_km2": 828.45,
    "created_at": "2025-08-26T14:30:16.147650",
    "updated_at": "2025-08-26T14:30:16.147650"
  },
  {
    "id_municipio": 4442,
    "cd_mun": "5003488",
    "nm_mun": "Dois Irmãos do Buriti",
    "cd_rgi": "500001",
    "nm_rgi": "Campo Grande",
    "cd_rgint": "5001",
    "nm_rgint": "Campo Grande",
    "cd_uf": "50",
    "nm_uf": "Mato Grosso do Sul",
    "sigla_uf": "MS",
    "cd_regia": "5",
    "nm_regia": "Centro-oeste",
    "sigla_rg": "CO",
    "cd_concu": null,
    "nm_concu": null,
    "area_km2": 2430.3,
    "created_at": "2025-08-26T14:30:16.147650",
    "updated_at": "2025-08-26T14:30:16.147650"
  },
  {
    "id_municipio": 2238,
    "cd_mun": "5003504",
    "nm_mun": "Douradina",
    "cd_rgi": "500005",
    "nm_rgi": "Dourados",
    "cd_rgint": "5002",
    "nm_rgint": "Dourados",
    "cd_uf": "50",
    "nm_uf": "Mato Grosso do Sul",
    "sigla_uf": "MS",
    "cd_regia": "5",
    "nm_regia": "Centro-oeste",
    "sigla_rg": "CO",
    "cd_concu": null,
    "nm_concu": null,
    "area_km2": 280.235,
    "created_at": "2025-08-26T14:23:37.304089",
    "updated_at": "2025-08-26T14:23:37.304089"
  },
  {
    "id_municipio": 3504,
    "cd_mun": "5003702",
    "nm_mun": "Dourados",
    "cd_rgi": "500005",
    "nm_rgi": "Dourados",
    "cd_rgint": "5002",
    "nm_rgint": "Dourados",
    "cd_uf": "50",
    "nm_uf": "Mato Grosso do Sul",
    "sigla_uf": "MS",
    "cd_regia": "5",
    "nm_regia": "Centro-oeste",
    "sigla_rg": "CO",
    "cd_concu": "5003702",
    "nm_concu": "Dourados",
    "area_km2": 4062.889,
    "created_at": "2025-08-26T14:28:39.681185",
    "updated_at": "2025-08-26T14:28:39.681185"
  },
  {
    "id_municipio": 879,
    "cd_mun": "5003751",
    "nm_mun": "Eldorado",
    "cd_rgi": "500006",
    "nm_rgi": "Naviraí - Mundo Novo",
    "cd_rgint": "5002",
    "nm_rgint": "Dourados",
    "cd_uf": "50",
    "nm_uf": "Mato Grosso do Sul",
    "sigla_uf": "MS",
    "cd_regia": "5",
    "nm_regia": "Centro-oeste",
    "sigla_rg": "CO",
    "cd_concu": null,
    "nm_concu": null,
    "area_km2": 1012.796,
    "created_at": "2025-08-26T14:18:30.386240",
    "updated_at": "2025-08-26T14:18:30.386240"
  },
  {
    "id_municipio": 1315,
    "cd_mun": "5003801",
    "nm_mun": "Fátima do Sul",
    "cd_rgi": "500005",
    "nm_rgi": "Dourados",
    "cd_rgint": "5002",
    "nm_rgint": "Dourados",
    "cd_uf": "50",
    "nm_uf": "Mato Grosso do Sul",
    "sigla_uf": "MS",
    "cd_regia": "5",
    "nm_regia": "Centro-oeste",
    "sigla_rg": "CO",
    "cd_concu": null,
    "nm_concu": null,
    "area_km2": 325.631,
    "created_at": "2025-08-26T14:20:11.646400",
    "updated_at": "2025-08-26T14:20:11.646400"
  },
  {
    "id_municipio": 2049,
    "cd_mun": "5003900",
    "nm_mun": "Figueirão",
    "cd_rgi": "500004",
    "nm_rgi": "Coxim",
    "cd_rgint": "5001",
    "nm_rgint": "Campo Grande",
    "cd_uf": "50",
    "nm_uf": "Mato Grosso do Sul",
    "sigla_uf": "MS",
    "cd_regia": "5",
    "nm_regia": "Centro-oeste",
    "sigla_rg": "CO",
    "cd_concu": null,
    "nm_concu": null,
    "area_km2": 4880.736,
    "created_at": "2025-08-26T14:23:37.304089",
    "updated_at": "2025-08-26T14:23:37.304089"
  },
  {
    "id_municipio": 2377,
    "cd_mun": "5004007",
    "nm_mun": "Glória de Dourados",
    "cd_rgi": "500005",
    "nm_rgi": "Dourados",
    "cd_rgint": "5002",
    "nm_rgint": "Dourados",
    "cd_uf": "50",
    "nm_uf": "Mato Grosso do Sul",
    "sigla_uf": "MS",
    "cd_regia": "5",
    "nm_regia": "Centro-oeste",
    "sigla_rg": "CO",
    "cd_concu": null,
    "nm_concu": null,
    "area_km2": 493.105,
    "created_at": "2025-08-26T14:23:37.304089",
    "updated_at": "2025-08-26T14:23:37.304089"
  },
  {
    "id_municipio": 2930,
    "cd_mun": "5004106",
    "nm_mun": "Guia Lopes da Laguna",
    "cd_rgi": "500011",
    "nm_rgi": "Jardim",
    "cd_rgint": "5003",
    "nm_rgint": "Corumbá",
    "cd_uf": "50",
    "nm_uf": "Mato Grosso do Sul",
    "sigla_uf": "MS",
    "cd_regia": "5",
    "nm_regia": "Centro-oeste",
    "sigla_rg": "CO",
    "cd_concu": null,
    "nm_concu": null,
    "area_km2": 1225.426,
    "created_at": "2025-08-26T14:25:16.599609",
    "updated_at": "2025-08-26T14:25:16.599609"
  },
  {
    "id_municipio": 1419,
    "cd_mun": "5004304",
    "nm_mun": "Iguatemi",
    "cd_rgi": "500006",
    "nm_rgi": "Naviraí - Mundo Novo",
    "cd_rgint": "5002",
    "nm_rgint": "Dourados",
    "cd_uf": "50",
    "nm_uf": "Mato Grosso do Sul",
    "sigla_uf": "MS",
    "cd_regia": "5",
    "nm_regia": "Centro-oeste",
    "sigla_rg": "CO",
    "cd_concu": null,
    "nm_concu": null,
    "area_km2": 2957.41,
    "created_at": "2025-08-26T14:20:11.646400",
    "updated_at": "2025-08-26T14:20:11.646400"
  },
  {
    "id_municipio": 4971,
    "cd_mun": "5004403",
    "nm_mun": "Inocência",
    "cd_rgi": "500003",
    "nm_rgi": "Paranaíba - Chapadão do Sul - Cassilândia",
    "cd_rgint": "5001",
    "nm_rgint": "Campo Grande",
    "cd_uf": "50",
    "nm_uf": "Mato Grosso do Sul",
    "sigla_uf": "MS",
    "cd_regia": "5",
    "nm_regia": "Centro-oeste",
    "sigla_rg": "CO",
    "cd_concu": null,
    "nm_concu": null,
    "area_km2": 5761.19,
    "created_at": "2025-08-26T14:31:56.583430",
    "updated_at": "2025-08-26T14:31:56.583430"
  },
  {
    "id_municipio": 5555,
    "cd_mun": "5004502",
    "nm_mun": "Itaporã",
    "cd_rgi": "500005",
    "nm_rgi": "Dourados",
    "cd_rgint": "5002",
    "nm_rgint": "Dourados",
    "cd_uf": "50",
    "nm_uf": "Mato Grosso do Sul",
    "sigla_uf": "MS",
    "cd_regia": "5",
    "nm_regia": "Centro-oeste",
    "sigla_rg": "CO",
    "cd_concu": null,
    "nm_concu": null,
    "area_km2": 1342.389,
    "created_at": "2025-08-26T14:35:19.138031",
    "updated_at": "2025-08-26T14:35:19.138031"
  },
  {
    "id_municipio": 3469,
    "cd_mun": "5004601",
    "nm_mun": "Itaquiraí",
    "cd_rgi": "500006",
    "nm_rgi": "Naviraí - Mundo Novo",
    "cd_rgint": "5002",
    "nm_rgint": "Dourados",
    "cd_uf": "50",
    "nm_uf": "Mato Grosso do Sul",
    "sigla_uf": "MS",
    "cd_regia": "5",
    "nm_regia": "Centro-oeste",
    "sigla_rg": "CO",
    "cd_concu": null,
    "nm_concu": null,
    "area_km2": 2063.717,
    "created_at": "2025-08-26T14:26:59.412073",
    "updated_at": "2025-08-26T14:26:59.412073"
  },
  {
    "id_municipio": 4061,
    "cd_mun": "5004700",
    "nm_mun": "Ivinhema",
    "cd_rgi": "500007",
    "nm_rgi": "Nova Andradina",
    "cd_rgint": "5002",
    "nm_rgint": "Dourados",
    "cd_uf": "50",
    "nm_uf": "Mato Grosso do Sul",
    "sigla_uf": "MS",
    "cd_regia": "5",
    "nm_regia": "Centro-oeste",
    "sigla_rg": "CO",
    "cd_concu": null,
    "nm_concu": null,
    "area_km2": 2003.43,
    "created_at": "2025-08-26T14:30:16.147650",
    "updated_at": "2025-08-26T14:30:16.147650"
  },
  {
    "id_municipio": 4808,
    "cd_mun": "5004809",
    "nm_mun": "Japorã",
    "cd_rgi": "500006",
    "nm_rgi": "Naviraí - Mundo Novo",
    "cd_rgint": "5002",
    "nm_rgint": "Dourados",
    "cd_uf": "50",
    "nm_uf": "Mato Grosso do Sul",
    "sigla_uf": "MS",
    "cd_regia": "5",
    "nm_regia": "Centro-oeste",
    "sigla_rg": "CO",
    "cd_concu": null,
    "nm_concu": null,
    "area_km2": 416.605,
    "created_at": "2025-08-26T14:31:56.583430",
    "updated_at": "2025-08-26T14:31:56.583430"
  },
  {
    "id_municipio": 2594,
    "cd_mun": "5004908",
    "nm_mun": "Jaraguari",
    "cd_rgi": "500001",
    "nm_rgi": "Campo Grande",
    "cd_rgint": "5001",
    "nm_rgint": "Campo Grande",
    "cd_uf": "50",
    "nm_uf": "Mato Grosso do Sul",
    "sigla_uf": "MS",
    "cd_regia": "5",
    "nm_regia": "Centro-oeste",
    "sigla_rg": "CO",
    "cd_concu": null,
    "nm_concu": null,
    "area_km2": 2913.558,
    "created_at": "2025-08-26T14:25:16.599609",
    "updated_at": "2025-08-26T14:25:16.599609"
  },
  {
    "id_municipio": 391,
    "cd_mun": "5005004",
    "nm_mun": "Jardim",
    "cd_rgi": "500011",
    "nm_rgi": "Jardim",
    "cd_rgint": "5003",
    "nm_rgint": "Corumbá",
    "cd_uf": "50",
    "nm_uf": "Mato Grosso do Sul",
    "sigla_uf": "MS",
    "cd_regia": "5",
    "nm_regia": "Centro-oeste",
    "sigla_rg": "CO",
    "cd_concu": null,
    "nm_concu": null,
    "area_km2": 2130.068,
    "created_at": "2025-08-26T14:16:49.632282",
    "updated_at": "2025-08-26T14:16:49.632282"
  },
  {
    "id_municipio": 3718,
    "cd_mun": "5005103",
    "nm_mun": "Jateí",
    "cd_rgi": "500005",
    "nm_rgi": "Dourados",
    "cd_rgint": "5002",
    "nm_rgint": "Dourados",
    "cd_uf": "50",
    "nm_uf": "Mato Grosso do Sul",
    "sigla_uf": "MS",
    "cd_regia": "5",
    "nm_regia": "Centro-oeste",
    "sigla_rg": "CO",
    "cd_concu": null,
    "nm_concu": null,
    "area_km2": 1933.316,
    "created_at": "2025-08-26T14:28:39.681185",
    "updated_at": "2025-08-26T14:28:39.681185"
  },
  {
    "id_municipio": 3821,
    "cd_mun": "5005152",
    "nm_mun": "Juti",
    "cd_rgi": "500005",
    "nm_rgi": "Dourados",
    "cd_rgint": "5002",
    "nm_rgint": "Dourados",
    "cd_uf": "50",
    "nm_uf": "Mato Grosso do Sul",
    "sigla_uf": "MS",
    "cd_regia": "5",
    "nm_regia": "Centro-oeste",
    "sigla_rg": "CO",
    "cd_concu": null,
    "nm_concu": null,
    "area_km2": 1569.176,
    "created_at": "2025-08-26T14:28:39.681185",
    "updated_at": "2025-08-26T14:28:39.681185"
  },
  {
    "id_municipio": 4474,
    "cd_mun": "5005202",
    "nm_mun": "Ladário",
    "cd_rgi": "500010",
    "nm_rgi": "Corumbá",
    "cd_rgint": "5003",
    "nm_rgint": "Corumbá",
    "cd_uf": "50",
    "nm_uf": "Mato Grosso do Sul",
    "sigla_uf": "MS",
    "cd_regia": "5",
    "nm_regia": "Centro-oeste",
    "sigla_rg": "CO",
    "cd_concu": "5003207",
    "nm_concu": "Internacional de Corumbá/Brasil",
    "area_km2": 354.255,
    "created_at": "2025-08-26T14:30:16.147650",
    "updated_at": "2025-08-26T14:30:16.147650"
  },
  {
    "id_municipio": 4585,
    "cd_mun": "5005251",
    "nm_mun": "Laguna Carapã",
    "cd_rgi": "500005",
    "nm_rgi": "Dourados",
    "cd_rgint": "5002",
    "nm_rgint": "Dourados",
    "cd_uf": "50",
    "nm_uf": "Mato Grosso do Sul",
    "sigla_uf": "MS",
    "cd_regia": "5",
    "nm_regia": "Centro-oeste",
    "sigla_rg": "CO",
    "cd_concu": null,
    "nm_concu": null,
    "area_km2": 1725.78,
    "created_at": "2025-08-26T14:31:56.583430",
    "updated_at": "2025-08-26T14:31:56.583430"
  },
  {
    "id_municipio": 3010,
    "cd_mun": "5005400",
    "nm_mun": "Maracaju",
    "cd_rgi": "500005",
    "nm_rgi": "Dourados",
    "cd_rgint": "5002",
    "nm_rgint": "Dourados",
    "cd_uf": "50",
    "nm_uf": "Mato Grosso do Sul",
    "sigla_uf": "MS",
    "cd_regia": "5",
    "nm_regia": "Centro-oeste",
    "sigla_rg": "CO",
    "cd_concu": null,
    "nm_concu": null,
    "area_km2": 5396.905,
    "created_at": "2025-08-26T14:26:59.412073",
    "updated_at": "2025-08-26T14:26:59.412073"
  },
  {
    "id_municipio": 1477,
    "cd_mun": "5005608",
    "nm_mun": "Miranda",
    "cd_rgi": "500012",
    "nm_rgi": "Aquidauana - Anastácio",
    "cd_rgint": "5003",
    "nm_rgint": "Corumbá",
    "cd_uf": "50",
    "nm_uf": "Mato Grosso do Sul",
    "sigla_uf": "MS",
    "cd_regia": "5",
    "nm_regia": "Centro-oeste",
    "sigla_rg": "CO",
    "cd_concu": null,
    "nm_concu": null,
    "area_km2": 5470.975,
    "created_at": "2025-08-26T14:20:11.646400",
    "updated_at": "2025-08-26T14:20:11.646400"
  },
  {
    "id_municipio": 1710,
    "cd_mun": "5005681",
    "nm_mun": "Mundo Novo",
    "cd_rgi": "500006",
    "nm_rgi": "Naviraí - Mundo Novo",
    "cd_rgint": "5002",
    "nm_rgint": "Dourados",
    "cd_uf": "50",
    "nm_uf": "Mato Grosso do Sul",
    "sigla_uf": "MS",
    "cd_regia": "5",
    "nm_regia": "Centro-oeste",
    "sigla_rg": "CO",
    "cd_concu": null,
    "nm_concu": null,
    "area_km2": 478.38,
    "created_at": "2025-08-26T14:21:54.867267",
    "updated_at": "2025-08-26T14:21:54.867267"
  },
  {
    "id_municipio": 4873,
    "cd_mun": "5005707",
    "nm_mun": "Naviraí",
    "cd_rgi": "500006",
    "nm_rgi": "Naviraí - Mundo Novo",
    "cd_rgint": "5002",
    "nm_rgint": "Dourados",
    "cd_uf": "50",
    "nm_uf": "Mato Grosso do Sul",
    "sigla_uf": "MS",
    "cd_regia": "5",
    "nm_regia": "Centro-oeste",
    "sigla_rg": "CO",
    "cd_concu": null,
    "nm_concu": null,
    "area_km2": 3189.667,
    "created_at": "2025-08-26T14:31:56.583430",
    "updated_at": "2025-08-26T14:31:56.583430"
  },
  {
    "id_municipio": 52,
    "cd_mun": "5005806",
    "nm_mun": "Nioaque",
    "cd_rgi": "500011",
    "nm_rgi": "Jardim",
    "cd_rgint": "5003",
    "nm_rgint": "Corumbá",
    "cd_uf": "50",
    "nm_uf": "Mato Grosso do Sul",
    "sigla_uf": "MS",
    "cd_regia": "5",
    "nm_regia": "Centro-oeste",
    "sigla_rg": "CO",
    "cd_concu": null,
    "nm_concu": null,
    "area_km2": 3909.738,
    "created_at": "2025-08-26T14:16:49.632282",
    "updated_at": "2025-08-26T14:16:49.632282"
  },
  {
    "id_municipio": 5400,
    "cd_mun": "5006002",
    "nm_mun": "Nova Alvorada do Sul",
    "cd_rgi": "500001",
    "nm_rgi": "Campo Grande",
    "cd_rgint": "5001",
    "nm_rgint": "Campo Grande",
    "cd_uf": "50",
    "nm_uf": "Mato Grosso do Sul",
    "sigla_uf": "MS",
    "cd_regia": "5",
    "nm_regia": "Centro-oeste",
    "sigla_rg": "CO",
    "cd_concu": null,
    "nm_concu": null,
    "area_km2": 4027.647,
    "created_at": "2025-08-26T14:33:28.234007",
    "updated_at": "2025-08-26T14:33:28.234007"
  },
  {
    "id_municipio": 3895,
    "cd_mun": "5006200",
    "nm_mun": "Nova Andradina",
    "cd_rgi": "500007",
    "nm_rgi": "Nova Andradina",
    "cd_rgint": "5002",
    "nm_rgint": "Dourados",
    "cd_uf": "50",
    "nm_uf": "Mato Grosso do Sul",
    "sigla_uf": "MS",
    "cd_regia": "5",
    "nm_regia": "Centro-oeste",
    "sigla_rg": "CO",
    "cd_concu": null,
    "nm_concu": null,
    "area_km2": 4768.118,
    "created_at": "2025-08-26T14:28:39.681185",
    "updated_at": "2025-08-26T14:28:39.681185"
  },
  {
    "id_municipio": 4090,
    "cd_mun": "5006259",
    "nm_mun": "Novo Horizonte do Sul",
    "cd_rgi": "500007",
    "nm_rgi": "Nova Andradina",
    "cd_rgint": "5002",
    "nm_rgint": "Dourados",
    "cd_uf": "50",
    "nm_uf": "Mato Grosso do Sul",
    "sigla_uf": "MS",
    "cd_regia": "5",
    "nm_regia": "Centro-oeste",
    "sigla_rg": "CO",
    "cd_concu": null,
    "nm_concu": null,
    "area_km2": 849.19,
    "created_at": "2025-08-26T14:30:16.147650",
    "updated_at": "2025-08-26T14:30:16.147650"
  },
  {
    "id_municipio": 4059,
    "cd_mun": "5006275",
    "nm_mun": "Paraíso das Águas",
    "cd_rgi": "500003",
    "nm_rgi": "Paranaíba - Chapadão do Sul - Cassilândia",
    "cd_rgint": "5001",
    "nm_rgint": "Campo Grande",
    "cd_uf": "50",
    "nm_uf": "Mato Grosso do Sul",
    "sigla_uf": "MS",
    "cd_regia": "5",
    "nm_regia": "Centro-oeste",
    "sigla_rg": "CO",
    "cd_concu": null,
    "nm_concu": null,
    "area_km2": 5061.433,
    "created_at": "2025-08-26T14:30:16.147650",
    "updated_at": "2025-08-26T14:30:16.147650"
  },
  {
    "id_municipio": 4630,
    "cd_mun": "5006309",
    "nm_mun": "Paranaíba",
    "cd_rgi": "500003",
    "nm_rgi": "Paranaíba - Chapadão do Sul - Cassilândia",
    "cd_rgint": "5001",
    "nm_rgint": "Campo Grande",
    "cd_uf": "50",
    "nm_uf": "Mato Grosso do Sul",
    "sigla_uf": "MS",
    "cd_regia": "5",
    "nm_regia": "Centro-oeste",
    "sigla_rg": "CO",
    "cd_concu": null,
    "nm_concu": null,
    "area_km2": 5352.02,
    "created_at": "2025-08-26T14:31:56.583430",
    "updated_at": "2025-08-26T14:31:56.583430"
  },
  {
    "id_municipio": 4669,
    "cd_mun": "5006358",
    "nm_mun": "Paranhos",
    "cd_rgi": "500009",
    "nm_rgi": "Amambai",
    "cd_rgint": "5002",
    "nm_rgint": "Dourados",
    "cd_uf": "50",
    "nm_uf": "Mato Grosso do Sul",
    "sigla_uf": "MS",
    "cd_regia": "5",
    "nm_regia": "Centro-oeste",
    "sigla_rg": "CO",
    "cd_concu": null,
    "nm_concu": null,
    "area_km2": 1307.092,
    "created_at": "2025-08-26T14:31:56.583430",
    "updated_at": "2025-08-26T14:31:56.583430"
  },
  {
    "id_municipio": 2421,
    "cd_mun": "5006408",
    "nm_mun": "Pedro Gomes",
    "cd_rgi": "500004",
    "nm_rgi": "Coxim",
    "cd_rgint": "5001",
    "nm_rgint": "Campo Grande",
    "cd_uf": "50",
    "nm_uf": "Mato Grosso do Sul",
    "sigla_uf": "MS",
    "cd_regia": "5",
    "nm_regia": "Centro-oeste",
    "sigla_rg": "CO",
    "cd_concu": null,
    "nm_concu": null,
    "area_km2": 3553.782,
    "created_at": "2025-08-26T14:23:37.304089",
    "updated_at": "2025-08-26T14:23:37.304089"
  },
  {
    "id_municipio": 944,
    "cd_mun": "5006606",
    "nm_mun": "Ponta Porã",
    "cd_rgi": "500008",
    "nm_rgi": "Ponta Porã",
    "cd_rgint": "5002",
    "nm_rgint": "Dourados",
    "cd_uf": "50",
    "nm_uf": "Mato Grosso do Sul",
    "sigla_uf": "MS",
    "cd_regia": "5",
    "nm_regia": "Centro-oeste",
    "sigla_rg": "CO",
    "cd_concu": "5006606",
    "nm_concu": "Internacional de Pedro Juan Caballero/Paraguai - Ponta Porã/Brasil",
    "area_km2": 5359.274,
    "created_at": "2025-08-26T14:18:30.386240",
    "updated_at": "2025-08-26T14:18:30.386240"
  },
  {
    "id_municipio": 230,
    "cd_mun": "5006903",
    "nm_mun": "Porto Murtinho",
    "cd_rgi": "500011",
    "nm_rgi": "Jardim",
    "cd_rgint": "5003",
    "nm_rgint": "Corumbá",
    "cd_uf": "50",
    "nm_uf": "Mato Grosso do Sul",
    "sigla_uf": "MS",
    "cd_regia": "5",
    "nm_regia": "Centro-oeste",
    "sigla_rg": "CO",
    "cd_concu": null,
    "nm_concu": null,
    "area_km2": 17502.994,
    "created_at": "2025-08-26T14:16:49.632282",
    "updated_at": "2025-08-26T14:16:49.632282"
  },
  {
    "id_municipio": 1344,
    "cd_mun": "5007109",
    "nm_mun": "Ribas do Rio Pardo",
    "cd_rgi": "500001",
    "nm_rgi": "Campo Grande",
    "cd_rgint": "5001",
    "nm_rgint": "Campo Grande",
    "cd_uf": "50",
    "nm_uf": "Mato Grosso do Sul",
    "sigla_uf": "MS",
    "cd_regia": "5",
    "nm_regia": "Centro-oeste",
    "sigla_rg": "CO",
    "cd_concu": null,
    "nm_concu": null,
    "area_km2": 17315.212,
    "created_at": "2025-08-26T14:20:11.646400",
    "updated_at": "2025-08-26T14:20:11.646400"
  },
  {
    "id_municipio": 1913,
    "cd_mun": "5007208",
    "nm_mun": "Rio Brilhante",
    "cd_rgi": "500005",
    "nm_rgi": "Dourados",
    "cd_rgint": "5002",
    "nm_rgint": "Dourados",
    "cd_uf": "50",
    "nm_uf": "Mato Grosso do Sul",
    "sigla_uf": "MS",
    "cd_regia": "5",
    "nm_regia": "Centro-oeste",
    "sigla_rg": "CO",
    "cd_concu": null,
    "nm_concu": null,
    "area_km2": 3983.507,
    "created_at": "2025-08-26T14:21:54.867267",
    "updated_at": "2025-08-26T14:21:54.867267"
  },
  {
    "id_municipio": 5459,
    "cd_mun": "5007307",
    "nm_mun": "Rio Negro",
    "cd_rgi": "500001",
    "nm_rgi": "Campo Grande",
    "cd_rgint": "5001",
    "nm_rgint": "Campo Grande",
    "cd_uf": "50",
    "nm_uf": "Mato Grosso do Sul",
    "sigla_uf": "MS",
    "cd_regia": "5",
    "nm_regia": "Centro-oeste",
    "sigla_rg": "CO",
    "cd_concu": null,
    "nm_concu": null,
    "area_km2": 1828.8,
    "created_at": "2025-08-26T14:33:28.234007",
    "updated_at": "2025-08-26T14:33:28.234007"
  },
  {
    "id_municipio": 462,
    "cd_mun": "5007406",
    "nm_mun": "Rio Verde de Mato Grosso",
    "cd_rgi": "500004",
    "nm_rgi": "Coxim",
    "cd_rgint": "5001",
    "nm_rgint": "Campo Grande",
    "cd_uf": "50",
    "nm_uf": "Mato Grosso do Sul",
    "sigla_uf": "MS",
    "cd_regia": "5",
    "nm_regia": "Centro-oeste",
    "sigla_rg": "CO",
    "cd_concu": null,
    "nm_concu": null,
    "area_km2": 8174.784,
    "created_at": "2025-08-26T14:16:49.632282",
    "updated_at": "2025-08-26T14:16:49.632282"
  },
  {
    "id_municipio": 3946,
    "cd_mun": "5007505",
    "nm_mun": "Rochedo",
    "cd_rgi": "500001",
    "nm_rgi": "Campo Grande",
    "cd_rgint": "5001",
    "nm_rgint": "Campo Grande",
    "cd_uf": "50",
    "nm_uf": "Mato Grosso do Sul",
    "sigla_uf": "MS",
    "cd_regia": "5",
    "nm_regia": "Centro-oeste",
    "sigla_rg": "CO",
    "cd_concu": null,
    "nm_concu": null,
    "area_km2": 1304.755,
    "created_at": "2025-08-26T14:28:39.681185",
    "updated_at": "2025-08-26T14:28:39.681185"
  },
  {
    "id_municipio": 4078,
    "cd_mun": "5007554",
    "nm_mun": "Santa Rita do Pardo",
    "cd_rgi": "500002",
    "nm_rgi": "Três Lagoas",
    "cd_rgint": "5001",
    "nm_rgint": "Campo Grande",
    "cd_uf": "50",
    "nm_uf": "Mato Grosso do Sul",
    "sigla_uf": "MS",
    "cd_regia": "5",
    "nm_regia": "Centro-oeste",
    "sigla_rg": "CO",
    "cd_concu": null,
    "nm_concu": null,
    "area_km2": 6142.001,
    "created_at": "2025-08-26T14:30:16.147650",
    "updated_at": "2025-08-26T14:30:16.147650"
  },
  {
    "id_municipio": 4731,
    "cd_mun": "5007695",
    "nm_mun": "São Gabriel do Oeste",
    "cd_rgi": "500001",
    "nm_rgi": "Campo Grande",
    "cd_rgint": "5001",
    "nm_rgint": "Campo Grande",
    "cd_uf": "50",
    "nm_uf": "Mato Grosso do Sul",
    "sigla_uf": "MS",
    "cd_regia": "5",
    "nm_regia": "Centro-oeste",
    "sigla_rg": "CO",
    "cd_concu": null,
    "nm_concu": null,
    "area_km2": 3850.674,
    "created_at": "2025-08-26T14:31:56.583430",
    "updated_at": "2025-08-26T14:31:56.583430"
  },
  {
    "id_municipio": 3049,
    "cd_mun": "5007802",
    "nm_mun": "Selvíria",
    "cd_rgi": "500002",
    "nm_rgi": "Três Lagoas",
    "cd_rgint": "5001",
    "nm_rgint": "Campo Grande",
    "cd_uf": "50",
    "nm_uf": "Mato Grosso do Sul",
    "sigla_uf": "MS",
    "cd_regia": "5",
    "nm_regia": "Centro-oeste",
    "sigla_rg": "CO",
    "cd_concu": null,
    "nm_concu": null,
    "area_km2": 3254.917,
    "created_at": "2025-08-26T14:26:59.412073",
    "updated_at": "2025-08-26T14:26:59.412073"
  },
  {
    "id_municipio": 2479,
    "cd_mun": "5007703",
    "nm_mun": "Sete Quedas",
    "cd_rgi": "500009",
    "nm_rgi": "Amambai",
    "cd_rgint": "5002",
    "nm_rgint": "Dourados",
    "cd_uf": "50",
    "nm_uf": "Mato Grosso do Sul",
    "sigla_uf": "MS",
    "cd_regia": "5",
    "nm_regia": "Centro-oeste",
    "sigla_rg": "CO",
    "cd_concu": null,
    "nm_concu": null,
    "area_km2": 839.117,
    "created_at": "2025-08-26T14:23:37.304089",
    "updated_at": "2025-08-26T14:23:37.304089"
  },
  {
    "id_municipio": 1020,
    "cd_mun": "5007901",
    "nm_mun": "Sidrolândia",
    "cd_rgi": "500001",
    "nm_rgi": "Campo Grande",
    "cd_rgint": "5001",
    "nm_rgint": "Campo Grande",
    "cd_uf": "50",
    "nm_uf": "Mato Grosso do Sul",
    "sigla_uf": "MS",
    "cd_regia": "5",
    "nm_regia": "Centro-oeste",
    "sigla_rg": "CO",
    "cd_concu": null,
    "nm_concu": null,
    "area_km2": 5265.695,
    "created_at": "2025-08-26T14:20:11.646400",
    "updated_at": "2025-08-26T14:20:11.646400"
  },
  {
    "id_municipio": 991,
    "cd_mun": "5007935",
    "nm_mun": "Sonora",
    "cd_rgi": "500004",
    "nm_rgi": "Coxim",
    "cd_rgint": "5001",
    "nm_rgint": "Campo Grande",
    "cd_uf": "50",
    "nm_uf": "Mato Grosso do Sul",
    "sigla_uf": "MS",
    "cd_regia": "5",
    "nm_regia": "Centro-oeste",
    "sigla_rg": "CO",
    "cd_concu": null,
    "nm_concu": null,
    "area_km2": 4185.542,
    "created_at": "2025-08-26T14:18:30.386240",
    "updated_at": "2025-08-26T14:18:30.386240"
  },
  {
    "id_municipio": 1151,
    "cd_mun": "5007950",
    "nm_mun": "Tacuru",
    "cd_rgi": "500009",
    "nm_rgi": "Amambai",
    "cd_rgint": "5002",
    "nm_rgint": "Dourados",
    "cd_uf": "50",
    "nm_uf": "Mato Grosso do Sul",
    "sigla_uf": "MS",
    "cd_regia": "5",
    "nm_regia": "Centro-oeste",
    "sigla_rg": "CO",
    "cd_concu": null,
    "nm_concu": null,
    "area_km2": 1784.207,
    "created_at": "2025-08-26T14:20:11.646400",
    "updated_at": "2025-08-26T14:20:11.646400"
  },
  {
    "id_municipio": 1108,
    "cd_mun": "5007976",
    "nm_mun": "Taquarussu",
    "cd_rgi": "500007",
    "nm_rgi": "Nova Andradina",
    "cd_rgint": "5002",
    "nm_rgint": "Dourados",
    "cd_uf": "50",
    "nm_uf": "Mato Grosso do Sul",
    "sigla_uf": "MS",
    "cd_regia": "5",
    "nm_regia": "Centro-oeste",
    "sigla_rg": "CO",
    "cd_concu": null,
    "nm_concu": null,
    "area_km2": 1052.232,
    "created_at": "2025-08-26T14:20:11.646400",
    "updated_at": "2025-08-26T14:20:11.646400"
  },
  {
    "id_municipio": 4294,
    "cd_mun": "5008008",
    "nm_mun": "Terenos",
    "cd_rgi": "500001",
    "nm_rgi": "Campo Grande",
    "cd_rgint": "5001",
    "nm_rgint": "Campo Grande",
    "cd_uf": "50",
    "nm_uf": "Mato Grosso do Sul",
    "sigla_uf": "MS",
    "cd_regia": "5",
    "nm_regia": "Centro-oeste",
    "sigla_rg": "CO",
    "cd_concu": null,
    "nm_concu": null,
    "area_km2": 2845.653,
    "created_at": "2025-08-26T14:30:16.147650",
    "updated_at": "2025-08-26T14:30:16.147650"
  },
  {
    "id_municipio": 3382,
    "cd_mun": "5008305",
    "nm_mun": "Três Lagoas",
    "cd_rgi": "500002",
    "nm_rgi": "Três Lagoas",
    "cd_rgint": "5001",
    "nm_rgint": "Campo Grande",
    "cd_uf": "50",
    "nm_uf": "Mato Grosso do Sul",
    "sigla_uf": "MS",
    "cd_regia": "5",
    "nm_regia": "Centro-oeste",
    "sigla_rg": "CO",
    "cd_concu": "5008305",
    "nm_concu": "Três Lagoas",
    "area_km2": 10217.071,
    "created_at": "2025-08-26T14:26:59.412073",
    "updated_at": "2025-08-26T14:26:59.412073"
  },
  {
    "id_municipio": 1169,
    "cd_mun": "5008404",
    "nm_mun": "Vicentina",
    "cd_rgi": "500005",
    "nm_rgi": "Dourados",
    "cd_rgint": "5002",
    "nm_rgint": "Dourados",
    "cd_uf": "50",
    "nm_uf": "Mato Grosso do Sul",
    "sigla_uf": "MS",
    "cd_regia": "5",
    "nm_regia": "Centro-oeste",
    "sigla_rg": "CO",
    "cd_concu": null,
    "nm_concu": null,
    "area_km2": 302.542,
    "created_at": "2025-08-26T14:20:11.646400",
    "updated_at": "2025-08-26T14:20:11.646400"
  }
]