[
  {
    "id_municipio": 5500,
    "cd_mun": "5100102",
    "nm_mun": "Acorizal",
    "cd_rgi": "510001",
    "nm_rgi": "Cuiabá",
    "cd_rgint": "5101",
    "nm_rgint": "Cuiabá",
    "cd_uf": "51",
    "nm_uf": "Mato Grosso",
    "sigla_uf": "MT",
    "cd_regia": "5",
    "nm_regia": "Centro-oeste",
    "sigla_rg": "CO",
    "cd_concu": null,
    "nm_concu": null,
    "area_km2": 850.763,
    "created_at": "2025-08-26T14:33:28.234007",
    "updated_at": "2025-08-26T14:33:28.234007"
  },
  {
    "id_municipio": 3271,
    "cd_mun": "5100201",
    "nm_mun": "Água Boa",
    "cd_rgi": "510015",
    "nm_rgi": "Água Boa",
    "cd_rgint": "5104",
    "nm_rgint": "Barra do Garças",
    "cd_uf": "51",
    "nm_uf": "Mato Grosso",
    "sigla_uf": "MT",
    "cd_regia": "5",
    "nm_regia": "Centro-oeste",
    "sigla_rg": "CO",
    "cd_concu": null,
    "nm_concu": null,
    "area_km2": 7549.308,
    "created_at": "2025-08-26T14:26:59.412073",
    "updated_at": "2025-08-26T14:26:59.412073"
  },
  {
    "id_municipio": 3391,
    "cd_mun": "5100250",
    "nm_mun": "Alta Floresta",
    "cd_rgi": "510010",
    "nm_rgi": "Alta Floresta",
    "cd_rgint": "5103",
    "nm_rgint": "Sinop",
    "cd_uf": "51",
    "nm_uf": "Mato Grosso",
    "sigla_uf": "MT",
    "cd_regia": "5",
    "nm_regia": "Centro-oeste",
    "sigla_rg": "CO",
    "cd_concu": null,
    "nm_concu": null,
    "area_km2": 8955.41,
    "created_at": "2025-08-26T14:26:59.412073",
    "updated_at": "2025-08-26T14:26:59.412073"
  },
  {
    "id_municipio": 3994,
    "cd_mun": "5100300",
    "nm_mun": "Alto Araguaia",
    "cd_rgi": "510016",
    "nm_rgi": "Rondonópolis",
    "cd_rgint": "5105",
    "nm_rgint": "Rondonópolis",
    "cd_uf": "51",
    "nm_uf": "Mato Grosso",
    "sigla_uf": "MT",
    "cd_regia": "5",
    "nm_regia": "Centro-oeste",
    "sigla_rg": "CO",
    "cd_concu": null,
    "nm_concu": null,
    "area_km2": 5317.513,
    "created_at": "2025-08-26T14:28:39.681185",
    "updated_at": "2025-08-26T14:28:39.681185"
  },
  {
    "id_municipio": 4107,
    "cd_mun": "5100359",
    "nm_mun": "Alto Boa Vista",
    "cd_rgi": "510014",
    "nm_rgi": "Confresa - Vila Rica",
    "cd_rgint": "5104",
    "nm_rgint": "Barra do Garças",
    "cd_uf": "51",
    "nm_uf": "Mato Grosso",
    "sigla_uf": "MT",
    "cd_regia": "5",
    "nm_regia": "Centro-oeste",
    "sigla_rg": "CO",
    "cd_concu": null,
    "nm_concu": null,
    "area_km2": 2248.414,
    "created_at": "2025-08-26T14:30:16.147650",
    "updated_at": "2025-08-26T14:30:16.147650"
  },
  {
    "id_municipio": 4577,
    "cd_mun": "5100409",
    "nm_mun": "Alto Garças",
    "cd_rgi": "510016",
    "nm_rgi": "Rondonópolis",
    "cd_rgint": "5105",
    "nm_rgint": "Rondonópolis",
    "cd_uf": "51",
    "nm_uf": "Mato Grosso",
    "sigla_uf": "MT",
    "cd_regia": "5",
    "nm_regia": "Centro-oeste",
    "sigla_rg": "CO",
    "cd_concu": null,
    "nm_concu": null,
    "area_km2": 3857.559,
    "created_at": "2025-08-26T14:31:56.583430",
    "updated_at": "2025-08-26T14:31:56.583430"
  },
  {
    "id_municipio": 2534,
    "cd_mun": "5100508",
    "nm_mun": "Alto Paraguai",
    "cd_rgi": "510003",
    "nm_rgi": "Diamantino",
    "cd_rgint": "5101",
    "nm_rgint": "Cuiabá",
    "cd_uf": "51",
    "nm_uf": "Mato Grosso",
    "sigla_uf": "MT",
    "cd_regia": "5",
    "nm_regia": "Centro-oeste",
    "sigla_rg": "CO",
    "cd_concu": null,
    "nm_concu": null,
    "area_km2": 1847.354,
    "created_at": "2025-08-26T14:25:16.599609",
    "updated_at": "2025-08-26T14:25:16.599609"
  },
  {
    "id_municipio": 3110,
    "cd_mun": "5100607",
    "nm_mun": "Alto Taquari",
    "cd_rgi": "510016",
    "nm_rgi": "Rondonópolis",
    "cd_rgint": "5105",
    "nm_rgint": "Rondonópolis",
    "cd_uf": "51",
    "nm_uf": "Mato Grosso",
    "sigla_uf": "MT",
    "cd_regia": "5",
    "nm_regia": "Centro-oeste",
    "sigla_rg": "CO",
    "cd_concu": null,
    "nm_concu": null,
    "area_km2": 1521.377,
    "created_at": "2025-08-26T14:26:59.412073",
    "updated_at": "2025-08-26T14:26:59.412073"
  },
  {
    "id_municipio": 1601,
    "cd_mun": "5100805",
    "nm_mun": "Apiacás",
    "cd_rgi": "510010",
    "nm_rgi": "Alta Floresta",
    "cd_rgint": "5103",
    "nm_rgint": "Sinop",
    "cd_uf": "51",
    "nm_uf": "Mato Grosso",
    "sigla_uf": "MT",
    "cd_regia": "5",
    "nm_regia": "Centro-oeste",
    "sigla_rg": "CO",
    "cd_concu": null,
    "nm_concu": null,
    "area_km2": 20489.024,
    "created_at": "2025-08-26T14:21:54.867267",
    "updated_at": "2025-08-26T14:21:54.867267"
  },
  {
    "id_municipio": 2865,
    "cd_mun": "5101001",
    "nm_mun": "Araguaiana",
    "cd_rgi": "510013",
    "nm_rgi": "Barra do Garças",
    "cd_rgint": "5104",
    "nm_rgint": "Barra do Garças",
    "cd_uf": "51",
    "nm_uf": "Mato Grosso",
    "sigla_uf": "MT",
    "cd_regia": "5",
    "nm_regia": "Centro-oeste",
    "sigla_rg": "CO",
    "cd_concu": null,
    "nm_concu": null,
    "area_km2": 6380.7,
    "created_at": "2025-08-26T14:25:16.599609",
    "updated_at": "2025-08-26T14:25:16.599609"
  },
  {
    "id_municipio": 1360,
    "cd_mun": "5101209",
    "nm_mun": "Araguainha",
    "cd_rgi": "510016",
    "nm_rgi": "Rondonópolis",
    "cd_rgint": "5105",
    "nm_rgint": "Rondonópolis",
    "cd_uf": "51",
    "nm_uf": "Mato Grosso",
    "sigla_uf": "MT",
    "cd_regia": "5",
    "nm_regia": "Centro-oeste",
    "sigla_rg": "CO",
    "cd_concu": null,
    "nm_concu": null,
    "area_km2": 675.231,
    "created_at": "2025-08-26T14:20:11.646400",
    "updated_at": "2025-08-26T14:20:11.646400"
  },
  {
    "id_municipio": 1375,
    "cd_mun": "5101258",
    "nm_mun": "Araputanga",
    "cd_rgi": "510006",
    "nm_rgi": "Mirassol D'oeste",
    "cd_rgint": "5102",
    "nm_rgint": "Cáceres",
    "cd_uf": "51",
    "nm_uf": "Mato Grosso",
    "sigla_uf": "MT",
    "cd_regia": "5",
    "nm_regia": "Centro-oeste",
    "sigla_rg": "CO",
    "cd_concu": null,
    "nm_concu": null,
    "area_km2": 1639.733,
    "created_at": "2025-08-26T14:20:11.646400",
    "updated_at": "2025-08-26T14:20:11.646400"
  },
  {
    "id_municipio": 4729,
    "cd_mun": "5101308",
    "nm_mun": "Arenápolis",
    "cd_rgi": "510003",
    "nm_rgi": "Diamantino",
    "cd_rgint": "5101",
    "nm_rgint": "Cuiabá",
    "cd_uf": "51",
    "nm_uf": "Mato Grosso",
    "sigla_uf": "MT",
    "cd_regia": "5",
    "nm_regia": "Centro-oeste",
    "sigla_rg": "CO",
    "cd_concu": null,
    "nm_concu": null,
    "area_km2": 417.337,
    "created_at": "2025-08-26T14:31:56.583430",
    "updated_at": "2025-08-26T14:31:56.583430"
  },
  {
    "id_municipio": 5482,
    "cd_mun": "5101407",
    "nm_mun": "Aripuanã",
    "cd_rgi": "510009",
    "nm_rgi": "Juína",
    "cd_rgint": "5103",
    "nm_rgint": "Sinop",
    "cd_uf": "51",
    "nm_uf": "Mato Grosso",
    "sigla_uf": "MT",
    "cd_regia": "5",
    "nm_regia": "Centro-oeste",
    "sigla_rg": "CO",
    "cd_concu": null,
    "nm_concu": null,
    "area_km2": 24678.135,
    "created_at": "2025-08-26T14:33:28.234007",
    "updated_at": "2025-08-26T14:33:28.234007"
  },
  {
    "id_municipio": 3970,
    "cd_mun": "5101605",
    "nm_mun": "Barão de Melgaço",
    "cd_rgi": "510001",
    "nm_rgi": "Cuiabá",
    "cd_rgint": "5101",
    "nm_rgint": "Cuiabá",
    "cd_uf": "51",
    "nm_uf": "Mato Grosso",
    "sigla_uf": "MT",
    "cd_regia": "5",
    "nm_regia": "Centro-oeste",
    "sigla_rg": "CO",
    "cd_concu": null,
    "nm_concu": null,
    "area_km2": 11374.872,
    "created_at": "2025-08-26T14:28:39.681185",
    "updated_at": "2025-08-26T14:28:39.681185"
  },
  {
    "id_municipio": 4551,
    "cd_mun": "5101704",
    "nm_mun": "Barra do Bugres",
    "cd_rgi": "510002",
    "nm_rgi": "Tangará da Serra",
    "cd_rgint": "5101",
    "nm_rgint": "Cuiabá",
    "cd_uf": "51",
    "nm_uf": "Mato Grosso",
    "sigla_uf": "MT",
    "cd_regia": "5",
    "nm_regia": "Centro-oeste",
    "sigla_rg": "CO",
    "cd_concu": null,
    "nm_concu": null,
    "area_km2": 5976.865,
    "created_at": "2025-08-26T14:31:56.583430",
    "updated_at": "2025-08-26T14:31:56.583430"
  },
  {
    "id_municipio": 2511,
    "cd_mun": "5101803",
    "nm_mun": "Barra do Garças",
    "cd_rgi": "510013",
    "nm_rgi": "Barra do Garças",
    "cd_rgint": "5104",
    "nm_rgint": "Barra do Garças",
    "cd_uf": "51",
    "nm_uf": "Mato Grosso",
    "sigla_uf": "MT",
    "cd_regia": "5",
    "nm_regia": "Centro-oeste",
    "sigla_rg": "CO",
    "cd_concu": null,
    "nm_concu": null,
    "area_km2": 8362.915,
    "created_at": "2025-08-26T14:25:16.599609",
    "updated_at": "2025-08-26T14:25:16.599609"
  },
  {
    "id_municipio": 2576,
    "cd_mun": "5101837",
    "nm_mun": "Boa Esperança do Norte",
    "cd_rgi": "510008",
    "nm_rgi": "Sorriso",
    "cd_rgint": "5103",
    "nm_rgint": "Sinop",
    "cd_uf": "51",
    "nm_uf": "Mato Grosso",
    "sigla_uf": "MT",
    "cd_regia": "5",
    "nm_regia": "Centro-oeste",
    "sigla_rg": "CO",
    "cd_concu": null,
    "nm_concu": null,
    "area_km2": 4704.488,
    "created_at": "2025-08-26T14:25:16.599609",
    "updated_at": "2025-08-26T14:25:16.599609"
  },
  {
    "id_municipio": 2533,
    "cd_mun": "5101852",
    "nm_mun": "Bom Jesus do Araguaia",
    "cd_rgi": "510014",
    "nm_rgi": "Confresa - Vila Rica",
    "cd_rgint": "5104",
    "nm_rgint": "Barra do Garças",
    "cd_uf": "51",
    "nm_uf": "Mato Grosso",
    "sigla_uf": "MT",
    "cd_regia": "5",
    "nm_regia": "Centro-oeste",
    "sigla_rg": "CO",
    "cd_concu": null,
    "nm_concu": null,
    "area_km2": 4266.636,
    "created_at": "2025-08-26T14:25:16.599609",
    "updated_at": "2025-08-26T14:25:16.599609"
  },
  {
    "id_municipio": 3079,
    "cd_mun": "5101902",
    "nm_mun": "Brasnorte",
    "cd_rgi": "510002",
    "nm_rgi": "Tangará da Serra",
    "cd_rgint": "5101",
    "nm_rgint": "Cuiabá",
    "cd_uf": "51",
    "nm_uf": "Mato Grosso",
    "sigla_uf": "MT",
    "cd_regia": "5",
    "nm_regia": "Centro-oeste",
    "sigla_rg": "CO",
    "cd_concu": null,
    "nm_concu": null,
    "area_km2": 15968.355,
    "created_at": "2025-08-26T14:26:59.412073",
    "updated_at": "2025-08-26T14:26:59.412073"
  },
  {
    "id_municipio": 1098,
    "cd_mun": "5102504",
    "nm_mun": "Cáceres",
    "cd_rgi": "510004",
    "nm_rgi": "Cáceres",
    "cd_rgint": "5102",
    "nm_rgint": "Cáceres",
    "cd_uf": "51",
    "nm_uf": "Mato Grosso",
    "sigla_uf": "MT",
    "cd_regia": "5",
    "nm_regia": "Centro-oeste",
    "sigla_rg": "CO",
    "cd_concu": null,
    "nm_concu": null,
    "area_km2": 24499.922,
    "created_at": "2025-08-26T14:20:11.646400",
    "updated_at": "2025-08-26T14:20:11.646400"
  },
  {
    "id_municipio": 4611,
    "cd_mun": "5102603",
    "nm_mun": "Campinápolis",
    "cd_rgi": "510015",
    "nm_rgi": "Água Boa",
    "cd_rgint": "5104",
    "nm_rgint": "Barra do Garças",
    "cd_uf": "51",
    "nm_uf": "Mato Grosso",
    "sigla_uf": "MT",
    "cd_regia": "5",
    "nm_regia": "Centro-oeste",
    "sigla_rg": "CO",
    "cd_concu": null,
    "nm_concu": null,
    "area_km2": 5978.985,
    "created_at": "2025-08-26T14:31:56.583430",
    "updated_at": "2025-08-26T14:31:56.583430"
  },
  {
    "id_municipio": 4591,
    "cd_mun": "5102637",
    "nm_mun": "Campo Novo do Parecis",
    "cd_rgi": "510002",
    "nm_rgi": "Tangará da Serra",
    "cd_rgint": "5101",
    "nm_rgint": "Cuiabá",
    "cd_uf": "51",
    "nm_uf": "Mato Grosso",
    "sigla_uf": "MT",
    "cd_regia": "5",
    "nm_regia": "Centro-oeste",
    "sigla_rg": "CO",
    "cd_concu": null,
    "nm_concu": null,
    "area_km2": 9428.585,
    "created_at": "2025-08-26T14:31:56.583430",
    "updated_at": "2025-08-26T14:31:56.583430"
  },
  {
    "id_municipio": 4812,
    "cd_mun": "5102686",
    "nm_mun": "Campos de Júlio",
    "cd_rgi": "510005",
    "nm_rgi": "Pontes e Lacerda - Comodoro",
    "cd_rgint": "5102",
    "nm_rgint": "Cáceres",
    "cd_uf": "51",
    "nm_uf": "Mato Grosso",
    "sigla_uf": "MT",
    "cd_regia": "5",
    "nm_regia": "Centro-oeste",
    "sigla_rg": "CO",
    "cd_concu": null,
    "nm_concu": null,
    "area_km2": 6792.808,
    "created_at": "2025-08-26T14:31:56.583430",
    "updated_at": "2025-08-26T14:31:56.583430"
  },
  {
    "id_municipio": 4687,
    "cd_mun": "5102678",
    "nm_mun": "Campo Verde",
    "cd_rgi": "510001",
    "nm_rgi": "Cuiabá",
    "cd_rgint": "5101",
    "nm_rgint": "Cuiabá",
    "cd_uf": "51",
    "nm_uf": "Mato Grosso",
    "sigla_uf": "MT",
    "cd_regia": "5",
    "nm_regia": "Centro-oeste",
    "sigla_rg": "CO",
    "cd_concu": null,
    "nm_concu": null,
    "area_km2": 4771.091,
    "created_at": "2025-08-26T14:31:56.583430",
    "updated_at": "2025-08-26T14:31:56.583430"
  },
  {
    "id_municipio": 4834,
    "cd_mun": "5102694",
    "nm_mun": "Canabrava do Norte",
    "cd_rgi": "510014",
    "nm_rgi": "Confresa - Vila Rica",
    "cd_rgint": "5104",
    "nm_rgint": "Barra do Garças",
    "cd_uf": "51",
    "nm_uf": "Mato Grosso",
    "sigla_uf": "MT",
    "cd_regia": "5",
    "nm_regia": "Centro-oeste",
    "sigla_rg": "CO",
    "cd_concu": null,
    "nm_concu": null,
    "area_km2": 3449.037,
    "created_at": "2025-08-26T14:31:56.583430",
    "updated_at": "2025-08-26T14:31:56.583430"
  },
  {
    "id_municipio": 5165,
    "cd_mun": "5102702",
    "nm_mun": "Canarana",
    "cd_rgi": "510015",
    "nm_rgi": "Água Boa",
    "cd_rgint": "5104",
    "nm_rgint": "Barra do Garças",
    "cd_uf": "51",
    "nm_uf": "Mato Grosso",
    "sigla_uf": "MT",
    "cd_regia": "5",
    "nm_regia": "Centro-oeste",
    "sigla_rg": "CO",
    "cd_concu": null,
    "nm_concu": null,
    "area_km2": 10855.181,
    "created_at": "2025-08-26T14:33:28.234007",
    "updated_at": "2025-08-26T14:33:28.234007"
  },
  {
    "id_municipio": 5394,
    "cd_mun": "5102793",
    "nm_mun": "Carlinda",
    "cd_rgi": "510010",
    "nm_rgi": "Alta Floresta",
    "cd_rgint": "5103",
    "nm_rgint": "Sinop",
    "cd_uf": "51",
    "nm_uf": "Mato Grosso",
    "sigla_uf": "MT",
    "cd_regia": "5",
    "nm_regia": "Centro-oeste",
    "sigla_rg": "CO",
    "cd_concu": null,
    "nm_concu": null,
    "area_km2": 2421.788,
    "created_at": "2025-08-26T14:33:28.234007",
    "updated_at": "2025-08-26T14:33:28.234007"
  },
  {
    "id_municipio": 3253,
    "cd_mun": "5102850",
    "nm_mun": "Castanheira",
    "cd_rgi": "510009",
    "nm_rgi": "Juína",
    "cd_rgint": "5103",
    "nm_rgint": "Sinop",
    "cd_uf": "51",
    "nm_uf": "Mato Grosso",
    "sigla_uf": "MT",
    "cd_regia": "5",
    "nm_regia": "Centro-oeste",
    "sigla_rg": "CO",
    "cd_concu": null,
    "nm_concu": null,
    "area_km2": 3713.466,
    "created_at": "2025-08-26T14:26:59.412073",
    "updated_at": "2025-08-26T14:26:59.412073"
  },
  {
    "id_municipio": 1378,
    "cd_mun": "5103007",
    "nm_mun": "Chapada dos Guimarães",
    "cd_rgi": "510001",
    "nm_rgi": "Cuiabá",
    "cd_rgint": "5101",
    "nm_rgint": "Cuiabá",
    "cd_uf": "51",
    "nm_uf": "Mato Grosso",
    "sigla_uf": "MT",
    "cd_regia": "5",
    "nm_regia": "Centro-oeste",
    "sigla_rg": "CO",
    "cd_concu": null,
    "nm_concu": null,
    "area_km2": 6603.252,
    "created_at": "2025-08-26T14:20:11.646400",
    "updated_at": "2025-08-26T14:20:11.646400"
  },
  {
    "id_municipio": 1593,
    "cd_mun": "5103056",
    "nm_mun": "Cláudia",
    "cd_rgi": "510007",
    "nm_rgi": "Sinop",
    "cd_rgint": "5103",
    "nm_rgint": "Sinop",
    "cd_uf": "51",
    "nm_uf": "Mato Grosso",
    "sigla_uf": "MT",
    "cd_regia": "5",
    "nm_regia": "Centro-oeste",
    "sigla_rg": "CO",
    "cd_concu": null,
    "nm_concu": null,
    "area_km2": 3843.561,
    "created_at": "2025-08-26T14:21:54.867267",
    "updated_at": "2025-08-26T14:21:54.867267"
  },
  {
    "id_municipio": 4942,
    "cd_mun": "5103106",
    "nm_mun": "Cocalinho",
    "cd_rgi": "510015",
    "nm_rgi": "Água Boa",
    "cd_rgint": "5104",
    "nm_rgint": "Barra do Garças",
    "cd_uf": "51",
    "nm_uf": "Mato Grosso",
    "sigla_uf": "MT",
    "cd_regia": "5",
    "nm_regia": "Centro-oeste",
    "sigla_rg": "CO",
    "cd_concu": null,
    "nm_concu": null,
    "area_km2": 16563.136,
    "created_at": "2025-08-26T14:31:56.583430",
    "updated_at": "2025-08-26T14:31:56.583430"
  },
  {
    "id_municipio": 5514,
    "cd_mun": "5103205",
    "nm_mun": "Colíder",
    "cd_rgi": "510007",
    "nm_rgi": "Sinop",
    "cd_rgint": "5103",
    "nm_rgint": "Sinop",
    "cd_uf": "51",
    "nm_uf": "Mato Grosso",
    "sigla_uf": "MT",
    "cd_regia": "5",
    "nm_regia": "Centro-oeste",
    "sigla_rg": "CO",
    "cd_concu": null,
    "nm_concu": null,
    "area_km2": 3112.091,
    "created_at": "2025-08-26T14:35:19.138031",
    "updated_at": "2025-08-26T14:35:19.138031"
  },
  {
    "id_municipio": 166,
    "cd_mun": "5103254",
    "nm_mun": "Colniza",
    "cd_rgi": "510009",
    "nm_rgi": "Juína",
    "cd_rgint": "5103",
    "nm_rgint": "Sinop",
    "cd_uf": "51",
    "nm_uf": "Mato Grosso",
    "sigla_uf": "MT",
    "cd_regia": "5",
    "nm_regia": "Centro-oeste",
    "sigla_rg": "CO",
    "cd_concu": null,
    "nm_concu": null,
    "area_km2": 27960.237,
    "created_at": "2025-08-26T14:16:49.632282",
    "updated_at": "2025-08-26T14:16:49.632282"
  },
  {
    "id_municipio": 3438,
    "cd_mun": "5103304",
    "nm_mun": "Comodoro",
    "cd_rgi": "510005",
    "nm_rgi": "Pontes e Lacerda - Comodoro",
    "cd_rgint": "5102",
    "nm_rgint": "Cáceres",
    "cd_uf": "51",
    "nm_uf": "Mato Grosso",
    "sigla_uf": "MT",
    "cd_regia": "5",
    "nm_regia": "Centro-oeste",
    "sigla_rg": "CO",
    "cd_concu": null,
    "nm_concu": null,
    "area_km2": 21485.018,
    "created_at": "2025-08-26T14:26:59.412073",
    "updated_at": "2025-08-26T14:26:59.412073"
  },
  {
    "id_municipio": 3460,
    "cd_mun": "5103353",
    "nm_mun": "Confresa",
    "cd_rgi": "510014",
    "nm_rgi": "Confresa - Vila Rica",
    "cd_rgint": "5104",
    "nm_rgint": "Barra do Garças",
    "cd_uf": "51",
    "nm_uf": "Mato Grosso",
    "sigla_uf": "MT",
    "cd_regia": "5",
    "nm_regia": "Centro-oeste",
    "sigla_rg": "CO",
    "cd_concu": null,
    "nm_concu": null,
    "area_km2": 5802.303,
    "created_at": "2025-08-26T14:26:59.412073",
    "updated_at": "2025-08-26T14:26:59.412073"
  },
  {
    "id_municipio": 3485,
    "cd_mun": "5103361",
    "nm_mun": "Conquista D'Oeste",
    "cd_rgi": "510005",
    "nm_rgi": "Pontes e Lacerda - Comodoro",
    "cd_rgint": "5102",
    "nm_rgint": "Cáceres",
    "cd_uf": "51",
    "nm_uf": "Mato Grosso",
    "sigla_uf": "MT",
    "cd_regia": "5",
    "nm_regia": "Centro-oeste",
    "sigla_rg": "CO",
    "cd_concu": null,
    "nm_concu": null,
    "area_km2": 2684.676,
    "created_at": "2025-08-26T14:26:59.412073",
    "updated_at": "2025-08-26T14:26:59.412073"
  },
  {
    "id_municipio": 3575,
    "cd_mun": "5103379",
    "nm_mun": "Cotriguaçu",
    "cd_rgi": "510009",
    "nm_rgi": "Juína",
    "cd_rgint": "5103",
    "nm_rgint": "Sinop",
    "cd_uf": "51",
    "nm_uf": "Mato Grosso",
    "sigla_uf": "MT",
    "cd_regia": "5",
    "nm_regia": "Centro-oeste",
    "sigla_rg": "CO",
    "cd_concu": null,
    "nm_concu": null,
    "area_km2": 9469.957,
    "created_at": "2025-08-26T14:28:39.681185",
    "updated_at": "2025-08-26T14:28:39.681185"
  },
  {
    "id_municipio": 4006,
    "cd_mun": "5103403",
    "nm_mun": "Cuiabá",
    "cd_rgi": "510001",
    "nm_rgi": "Cuiabá",
    "cd_rgint": "5101",
    "nm_rgint": "Cuiabá",
    "cd_uf": "51",
    "nm_uf": "Mato Grosso",
    "sigla_uf": "MT",
    "cd_regia": "5",
    "nm_regia": "Centro-oeste",
    "sigla_rg": "CO",
    "cd_concu": "5103403",
    "nm_concu": "Cuiabá/MT",
    "area_km2": 4327.22,
    "created_at": "2025-08-26T14:30:16.147650",
    "updated_at": "2025-08-26T14:30:16.147650"
  },
  {
    "id_municipio": 4071,
    "cd_mun": "5103437",
    "nm_mun": "Curvelândia",
    "cd_rgi": "510004",
    "nm_rgi": "Cáceres",
    "cd_rgint": "5102",
    "nm_rgint": "Cáceres",
    "cd_uf": "51",
    "nm_uf": "Mato Grosso",
    "sigla_uf": "MT",
    "cd_regia": "5",
    "nm_regia": "Centro-oeste",
    "sigla_rg": "CO",
    "cd_concu": null,
    "nm_concu": null,
    "area_km2": 357.212,
    "created_at": "2025-08-26T14:30:16.147650",
    "updated_at": "2025-08-26T14:30:16.147650"
  },
  {
    "id_municipio": 4221,
    "cd_mun": "5103452",
    "nm_mun": "Denise",
    "cd_rgi": "510002",
    "nm_rgi": "Tangará da Serra",
    "cd_rgint": "5101",
    "nm_rgint": "Cuiabá",
    "cd_uf": "51",
    "nm_uf": "Mato Grosso",
    "sigla_uf": "MT",
    "cd_regia": "5",
    "nm_regia": "Centro-oeste",
    "sigla_rg": "CO",
    "cd_concu": null,
    "nm_concu": null,
    "area_km2": 1273.178,
    "created_at": "2025-08-26T14:30:16.147650",
    "updated_at": "2025-08-26T14:30:16.147650"
  },
  {
    "id_municipio": 1972,
    "cd_mun": "5103502",
    "nm_mun": "Diamantino",
    "cd_rgi": "510003",
    "nm_rgi": "Diamantino",
    "cd_rgint": "5101",
    "nm_rgint": "Cuiabá",
    "cd_uf": "51",
    "nm_uf": "Mato Grosso",
    "sigla_uf": "MT",
    "cd_regia": "5",
    "nm_regia": "Centro-oeste",
    "sigla_rg": "CO",
    "cd_concu": null,
    "nm_concu": null,
    "area_km2": 8263.397,
    "created_at": "2025-08-26T14:21:54.867267",
    "updated_at": "2025-08-26T14:21:54.867267"
  },
  {
    "id_municipio": 2539,
    "cd_mun": "5103601",
    "nm_mun": "Dom Aquino",
    "cd_rgi": "510018",
    "nm_rgi": "Jaciara",
    "cd_rgint": "5105",
    "nm_rgint": "Rondonópolis",
    "cd_uf": "51",
    "nm_uf": "Mato Grosso",
    "sigla_uf": "MT",
    "cd_regia": "5",
    "nm_regia": "Centro-oeste",
    "sigla_rg": "CO",
    "cd_concu": null,
    "nm_concu": null,
    "area_km2": 2183.603,
    "created_at": "2025-08-26T14:25:16.599609",
    "updated_at": "2025-08-26T14:25:16.599609"
  },
  {
    "id_municipio": 532,
    "cd_mun": "5103700",
    "nm_mun": "Feliz Natal",
    "cd_rgi": "510007",
    "nm_rgi": "Sinop",
    "cd_rgint": "5103",
    "nm_rgint": "Sinop",
    "cd_uf": "51",
    "nm_uf": "Mato Grosso",
    "sigla_uf": "MT",
    "cd_regia": "5",
    "nm_regia": "Centro-oeste",
    "sigla_rg": "CO",
    "cd_concu": null,
    "nm_concu": null,
    "area_km2": 11661.514,
    "created_at": "2025-08-26T14:18:30.386240",
    "updated_at": "2025-08-26T14:18:30.386240"
  },
  {
    "id_municipio": 1083,
    "cd_mun": "5103809",
    "nm_mun": "Figueirópolis D'Oeste",
    "cd_rgi": "510006",
    "nm_rgi": "Mirassol D'oeste",
    "cd_rgint": "5102",
    "nm_rgint": "Cáceres",
    "cd_uf": "51",
    "nm_uf": "Mato Grosso",
    "sigla_uf": "MT",
    "cd_regia": "5",
    "nm_regia": "Centro-oeste",
    "sigla_rg": "CO",
    "cd_concu": null,
    "nm_concu": null,
    "area_km2": 891.448,
    "created_at": "2025-08-26T14:20:11.646400",
    "updated_at": "2025-08-26T14:20:11.646400"
  },
  {
    "id_municipio": 1249,
    "cd_mun": "5103858",
    "nm_mun": "Gaúcha do Norte",
    "cd_rgi": "510015",
    "nm_rgi": "Água Boa",
    "cd_rgint": "5104",
    "nm_rgint": "Barra do Garças",
    "cd_uf": "51",
    "nm_uf": "Mato Grosso",
    "sigla_uf": "MT",
    "cd_regia": "5",
    "nm_regia": "Centro-oeste",
    "sigla_rg": "CO",
    "cd_concu": null,
    "nm_concu": null,
    "area_km2": 16908.375,
    "created_at": "2025-08-26T14:20:11.646400",
    "updated_at": "2025-08-26T14:20:11.646400"
  },
  {
    "id_municipio": 1804,
    "cd_mun": "5103908",
    "nm_mun": "General Carneiro",
    "cd_rgi": "510013",
    "nm_rgi": "Barra do Garças",
    "cd_rgint": "5104",
    "nm_rgint": "Barra do Garças",
    "cd_uf": "51",
    "nm_uf": "Mato Grosso",
    "sigla_uf": "MT",
    "cd_regia": "5",
    "nm_regia": "Centro-oeste",
    "sigla_rg": "CO",
    "cd_concu": null,
    "nm_concu": null,
    "area_km2": 4514.917,
    "created_at": "2025-08-26T14:21:54.867267",
    "updated_at": "2025-08-26T14:21:54.867267"
  },
  {
    "id_municipio": 4616,
    "cd_mun": "5103957",
    "nm_mun": "Glória D'Oeste",
    "cd_rgi": "510006",
    "nm_rgi": "Mirassol D'oeste",
    "cd_rgint": "5102",
    "nm_rgint": "Cáceres",
    "cd_uf": "51",
    "nm_uf": "Mato Grosso",
    "sigla_uf": "MT",
    "cd_regia": "5",
    "nm_regia": "Centro-oeste",
    "sigla_rg": "CO",
    "cd_concu": null,
    "nm_concu": null,
    "area_km2": 833.13,
    "created_at": "2025-08-26T14:31:56.583430",
    "updated_at": "2025-08-26T14:31:56.583430"
  },
  {
    "id_municipio": 2953,
    "cd_mun": "5104104",
    "nm_mun": "Guarantã do Norte",
    "cd_rgi": "510011",
    "nm_rgi": "Peixoto de Azevedo - Guarantã do Norte",
    "cd_rgint": "5103",
    "nm_rgint": "Sinop",
    "cd_uf": "51",
    "nm_uf": "Mato Grosso",
    "sigla_uf": "MT",
    "cd_regia": "5",
    "nm_regia": "Centro-oeste",
    "sigla_rg": "CO",
    "cd_concu": null,
    "nm_concu": null,
    "area_km2": 4725.281,
    "created_at": "2025-08-26T14:25:16.599609",
    "updated_at": "2025-08-26T14:25:16.599609"
  },
  {
    "id_municipio": 927,
    "cd_mun": "5104203",
    "nm_mun": "Guiratinga",
    "cd_rgi": "510016",
    "nm_rgi": "Rondonópolis",
    "cd_rgint": "5105",
    "nm_rgint": "Rondonópolis",
    "cd_uf": "51",
    "nm_uf": "Mato Grosso",
    "sigla_uf": "MT",
    "cd_regia": "5",
    "nm_regia": "Centro-oeste",
    "sigla_rg": "CO",
    "cd_concu": null,
    "nm_concu": null,
    "area_km2": 5044.493,
    "created_at": "2025-08-26T14:18:30.386240",
    "updated_at": "2025-08-26T14:18:30.386240"
  },
  {
    "id_municipio": 211,
    "cd_mun": "5104500",
    "nm_mun": "Indiavaí",
    "cd_rgi": "510006",
    "nm_rgi": "Mirassol D'oeste",
    "cd_rgint": "5102",
    "nm_rgint": "Cáceres",
    "cd_uf": "51",
    "nm_uf": "Mato Grosso",
    "sigla_uf": "MT",
    "cd_regia": "5",
    "nm_regia": "Centro-oeste",
    "sigla_rg": "CO",
    "cd_concu": null,
    "nm_concu": null,
    "area_km2": 592.495,
    "created_at": "2025-08-26T14:16:49.632282",
    "updated_at": "2025-08-26T14:16:49.632282"
  },
  {
    "id_municipio": 158,
    "cd_mun": "5104526",
    "nm_mun": "Ipiranga do Norte",
    "cd_rgi": "510008",
    "nm_rgi": "Sorriso",
    "cd_rgint": "5103",
    "nm_rgint": "Sinop",
    "cd_uf": "51",
    "nm_uf": "Mato Grosso",
    "sigla_uf": "MT",
    "cd_regia": "5",
    "nm_regia": "Centro-oeste",
    "sigla_rg": "CO",
    "cd_concu": null,
    "nm_concu": null,
    "area_km2": 3422.016,
    "created_at": "2025-08-26T14:16:49.632282",
    "updated_at": "2025-08-26T14:16:49.632282"
  },
  {
    "id_municipio": 293,
    "cd_mun": "5104542",
    "nm_mun": "Itanhangá",
    "cd_rgi": "510008",
    "nm_rgi": "Sorriso",
    "cd_rgint": "5103",
    "nm_rgint": "Sinop",
    "cd_uf": "51",
    "nm_uf": "Mato Grosso",
    "sigla_uf": "MT",
    "cd_regia": "5",
    "nm_regia": "Centro-oeste",
    "sigla_rg": "CO",
    "cd_concu": null,
    "nm_concu": null,
    "area_km2": 2909.745,
    "created_at": "2025-08-26T14:16:49.632282",
    "updated_at": "2025-08-26T14:16:49.632282"
  },
  {
    "id_municipio": 297,
    "cd_mun": "5104559",
    "nm_mun": "Itaúba",
    "cd_rgi": "510007",
    "nm_rgi": "Sinop",
    "cd_rgint": "5103",
    "nm_rgint": "Sinop",
    "cd_uf": "51",
    "nm_uf": "Mato Grosso",
    "sigla_uf": "MT",
    "cd_regia": "5",
    "nm_regia": "Centro-oeste",
    "sigla_rg": "CO",
    "cd_concu": null,
    "nm_concu": null,
    "area_km2": 4521.79,
    "created_at": "2025-08-26T14:16:49.632282",
    "updated_at": "2025-08-26T14:16:49.632282"
  },
  {
    "id_municipio": 3503,
    "cd_mun": "5104609",
    "nm_mun": "Itiquira",
    "cd_rgi": "510016",
    "nm_rgi": "Rondonópolis",
    "cd_rgint": "5105",
    "nm_rgint": "Rondonópolis",
    "cd_uf": "51",
    "nm_uf": "Mato Grosso",
    "sigla_uf": "MT",
    "cd_regia": "5",
    "nm_regia": "Centro-oeste",
    "sigla_rg": "CO",
    "cd_concu": null,
    "nm_concu": null,
    "area_km2": 8698.814,
    "created_at": "2025-08-26T14:28:39.681185",
    "updated_at": "2025-08-26T14:28:39.681185"
  },
  {
    "id_municipio": 2046,
    "cd_mun": "5104807",
    "nm_mun": "Jaciara",
    "cd_rgi": "510018",
    "nm_rgi": "Jaciara",
    "cd_rgint": "5105",
    "nm_rgint": "Rondonópolis",
    "cd_uf": "51",
    "nm_uf": "Mato Grosso",
    "sigla_uf": "MT",
    "cd_regia": "5",
    "nm_regia": "Centro-oeste",
    "sigla_rg": "CO",
    "cd_concu": null,
    "nm_concu": null,
    "area_km2": 2429.678,
    "created_at": "2025-08-26T14:23:37.304089",
    "updated_at": "2025-08-26T14:23:37.304089"
  },
  {
    "id_municipio": 2801,
    "cd_mun": "5104906",
    "nm_mun": "Jangada",
    "cd_rgi": "510001",
    "nm_rgi": "Cuiabá",
    "cd_rgint": "5101",
    "nm_rgint": "Cuiabá",
    "cd_uf": "51",
    "nm_uf": "Mato Grosso",
    "sigla_uf": "MT",
    "cd_regia": "5",
    "nm_regia": "Centro-oeste",
    "sigla_rg": "CO",
    "cd_concu": null,
    "nm_concu": null,
    "area_km2": 1114.302,
    "created_at": "2025-08-26T14:25:16.599609",
    "updated_at": "2025-08-26T14:25:16.599609"
  },
  {
    "id_municipio": 538,
    "cd_mun": "5105002",
    "nm_mun": "Jauru",
    "cd_rgi": "510006",
    "nm_rgi": "Mirassol D'oeste",
    "cd_rgint": "5102",
    "nm_rgint": "Cáceres",
    "cd_uf": "51",
    "nm_uf": "Mato Grosso",
    "sigla_uf": "MT",
    "cd_regia": "5",
    "nm_regia": "Centro-oeste",
    "sigla_rg": "CO",
    "cd_concu": null,
    "nm_concu": null,
    "area_km2": 1345.411,
    "created_at": "2025-08-26T14:18:30.386240",
    "updated_at": "2025-08-26T14:18:30.386240"
  },
  {
    "id_municipio": 3840,
    "cd_mun": "5105101",
    "nm_mun": "Juara",
    "cd_rgi": "510012",
    "nm_rgi": "Juara",
    "cd_rgint": "5103",
    "nm_rgint": "Sinop",
    "cd_uf": "51",
    "nm_uf": "Mato Grosso",
    "sigla_uf": "MT",
    "cd_regia": "5",
    "nm_regia": "Centro-oeste",
    "sigla_rg": "CO",
    "cd_concu": null,
    "nm_concu": null,
    "area_km2": 22632.713,
    "created_at": "2025-08-26T14:28:39.681185",
    "updated_at": "2025-08-26T14:28:39.681185"
  },
  {
    "id_municipio": 4041,
    "cd_mun": "5105150",
    "nm_mun": "Juína",
    "cd_rgi": "510009",
    "nm_rgi": "Juína",
    "cd_rgint": "5103",
    "nm_rgint": "Sinop",
    "cd_uf": "51",
    "nm_uf": "Mato Grosso",
    "sigla_uf": "MT",
    "cd_regia": "5",
    "nm_regia": "Centro-oeste",
    "sigla_rg": "CO",
    "cd_concu": null,
    "nm_concu": null,
    "area_km2": 26397.173,
    "created_at": "2025-08-26T14:30:16.147650",
    "updated_at": "2025-08-26T14:30:16.147650"
  },
  {
    "id_municipio": 4003,
    "cd_mun": "5105176",
    "nm_mun": "Juruena",
    "cd_rgi": "510009",
    "nm_rgi": "Juína",
    "cd_rgint": "5103",
    "nm_rgint": "Sinop",
    "cd_uf": "51",
    "nm_uf": "Mato Grosso",
    "sigla_uf": "MT",
    "cd_regia": "5",
    "nm_regia": "Centro-oeste",
    "sigla_rg": "CO",
    "cd_concu": null,
    "nm_concu": null,
    "area_km2": 3207.837,
    "created_at": "2025-08-26T14:30:16.147650",
    "updated_at": "2025-08-26T14:30:16.147650"
  },
  {
    "id_municipio": 4593,
    "cd_mun": "5105200",
    "nm_mun": "Juscimeira",
    "cd_rgi": "510018",
    "nm_rgi": "Jaciara",
    "cd_rgint": "5105",
    "nm_rgint": "Rondonópolis",
    "cd_uf": "51",
    "nm_uf": "Mato Grosso",
    "sigla_uf": "MT",
    "cd_regia": "5",
    "nm_regia": "Centro-oeste",
    "sigla_rg": "CO",
    "cd_concu": null,
    "nm_concu": null,
    "area_km2": 2291.301,
    "created_at": "2025-08-26T14:31:56.583430",
    "updated_at": "2025-08-26T14:31:56.583430"
  },
  {
    "id_municipio": 4668,
    "cd_mun": "5105234",
    "nm_mun": "Lambari D'Oeste",
    "cd_rgi": "510004",
    "nm_rgi": "Cáceres",
    "cd_rgint": "5102",
    "nm_rgint": "Cáceres",
    "cd_uf": "51",
    "nm_uf": "Mato Grosso",
    "sigla_uf": "MT",
    "cd_regia": "5",
    "nm_regia": "Centro-oeste",
    "sigla_rg": "CO",
    "cd_concu": null,
    "nm_concu": null,
    "area_km2": 1810.463,
    "created_at": "2025-08-26T14:31:56.583430",
    "updated_at": "2025-08-26T14:31:56.583430"
  },
  {
    "id_municipio": 4610,
    "cd_mun": "5105259",
    "nm_mun": "Lucas do Rio Verde",
    "cd_rgi": "510008",
    "nm_rgi": "Sorriso",
    "cd_rgint": "5103",
    "nm_rgint": "Sinop",
    "cd_uf": "51",
    "nm_uf": "Mato Grosso",
    "sigla_uf": "MT",
    "cd_regia": "5",
    "nm_regia": "Centro-oeste",
    "sigla_rg": "CO",
    "cd_concu": null,
    "nm_concu": null,
    "area_km2": 3674.596,
    "created_at": "2025-08-26T14:31:56.583430",
    "updated_at": "2025-08-26T14:31:56.583430"
  },
  {
    "id_municipio": 2373,
    "cd_mun": "5105309",
    "nm_mun": "Luciara",
    "cd_rgi": "510014",
    "nm_rgi": "Confresa - Vila Rica",
    "cd_rgint": "5104",
    "nm_rgint": "Barra do Garças",
    "cd_uf": "51",
    "nm_uf": "Mato Grosso",
    "sigla_uf": "MT",
    "cd_regia": "5",
    "nm_regia": "Centro-oeste",
    "sigla_rg": "CO",
    "cd_concu": null,
    "nm_concu": null,
    "area_km2": 4282.733,
    "created_at": "2025-08-26T14:23:37.304089",
    "updated_at": "2025-08-26T14:23:37.304089"
  },
  {
    "id_municipio": 1096,
    "cd_mun": "5105580",
    "nm_mun": "Marcelândia",
    "cd_rgi": "510007",
    "nm_rgi": "Sinop",
    "cd_rgint": "5103",
    "nm_rgint": "Sinop",
    "cd_uf": "51",
    "nm_uf": "Mato Grosso",
    "sigla_uf": "MT",
    "cd_regia": "5",
    "nm_regia": "Centro-oeste",
    "sigla_rg": "CO",
    "cd_concu": null,
    "nm_concu": null,
    "area_km2": 12285.486,
    "created_at": "2025-08-26T14:20:11.646400",
    "updated_at": "2025-08-26T14:20:11.646400"
  },
  {
    "id_municipio": 1607,
    "cd_mun": "5105606",
    "nm_mun": "Matupá",
    "cd_rgi": "510011",
    "nm_rgi": "Peixoto de Azevedo - Guarantã do Norte",
    "cd_rgint": "5103",
    "nm_rgint": "Sinop",
    "cd_uf": "51",
    "nm_uf": "Mato Grosso",
    "sigla_uf": "MT",
    "cd_regia": "5",
    "nm_regia": "Centro-oeste",
    "sigla_rg": "CO",
    "cd_concu": null,
    "nm_concu": null,
    "area_km2": 5228.272,
    "created_at": "2025-08-26T14:21:54.867267",
    "updated_at": "2025-08-26T14:21:54.867267"
  },
  {
    "id_municipio": 1576,
    "cd_mun": "5105622",
    "nm_mun": "Mirassol d'Oeste",
    "cd_rgi": "510006",
    "nm_rgi": "Mirassol D'oeste",
    "cd_rgint": "5102",
    "nm_rgint": "Cáceres",
    "cd_uf": "51",
    "nm_uf": "Mato Grosso",
    "sigla_uf": "MT",
    "cd_regia": "5",
    "nm_regia": "Centro-oeste",
    "sigla_rg": "CO",
    "cd_concu": null,
    "nm_concu": null,
    "area_km2": 1085.486,
    "created_at": "2025-08-26T14:21:54.867267",
    "updated_at": "2025-08-26T14:21:54.867267"
  },
  {
    "id_municipio": 3481,
    "cd_mun": "5105903",
    "nm_mun": "Nobres",
    "cd_rgi": "510001",
    "nm_rgi": "Cuiabá",
    "cd_rgint": "5101",
    "nm_rgint": "Cuiabá",
    "cd_uf": "51",
    "nm_uf": "Mato Grosso",
    "sigla_uf": "MT",
    "cd_regia": "5",
    "nm_regia": "Centro-oeste",
    "sigla_rg": "CO",
    "cd_concu": null,
    "nm_concu": null,
    "area_km2": 3908.739,
    "created_at": "2025-08-26T14:26:59.412073",
    "updated_at": "2025-08-26T14:26:59.412073"
  },
  {
    "id_municipio": 1310,
    "cd_mun": "5106000",
    "nm_mun": "Nortelândia",
    "cd_rgi": "510003",
    "nm_rgi": "Diamantino",
    "cd_rgint": "5101",
    "nm_rgint": "Cuiabá",
    "cd_uf": "51",
    "nm_uf": "Mato Grosso",
    "sigla_uf": "MT",
    "cd_regia": "5",
    "nm_regia": "Centro-oeste",
    "sigla_rg": "CO",
    "cd_concu": null,
    "nm_concu": null,
    "area_km2": 1336.754,
    "created_at": "2025-08-26T14:20:11.646400",
    "updated_at": "2025-08-26T14:20:11.646400"
  },
  {
    "id_municipio": 1865,
    "cd_mun": "5106109",
    "nm_mun": "Nossa Senhora do Livramento",
    "cd_rgi": "510001",
    "nm_rgi": "Cuiabá",
    "cd_rgint": "5101",
    "nm_rgint": "Cuiabá",
    "cd_uf": "51",
    "nm_uf": "Mato Grosso",
    "sigla_uf": "MT",
    "cd_regia": "5",
    "nm_regia": "Centro-oeste",
    "sigla_rg": "CO",
    "cd_concu": null,
    "nm_concu": null,
    "area_km2": 5410.138,
    "created_at": "2025-08-26T14:21:54.867267",
    "updated_at": "2025-08-26T14:21:54.867267"
  },
  {
    "id_municipio": 1995,
    "cd_mun": "5106158",
    "nm_mun": "Nova Bandeirantes",
    "cd_rgi": "510010",
    "nm_rgi": "Alta Floresta",
    "cd_rgint": "5103",
    "nm_rgint": "Sinop",
    "cd_uf": "51",
    "nm_uf": "Mato Grosso",
    "sigla_uf": "MT",
    "cd_regia": "5",
    "nm_regia": "Centro-oeste",
    "sigla_rg": "CO",
    "cd_concu": null,
    "nm_concu": null,
    "area_km2": 9556.661,
    "created_at": "2025-08-26T14:21:54.867267",
    "updated_at": "2025-08-26T14:21:54.867267"
  },
  {
    "id_municipio": 5412,
    "cd_mun": "5106208",
    "nm_mun": "Nova Brasilândia",
    "cd_rgi": "510001",
    "nm_rgi": "Cuiabá",
    "cd_rgint": "5101",
    "nm_rgint": "Cuiabá",
    "cd_uf": "51",
    "nm_uf": "Mato Grosso",
    "sigla_uf": "MT",
    "cd_regia": "5",
    "nm_regia": "Centro-oeste",
    "sigla_rg": "CO",
    "cd_concu": null,
    "nm_concu": null,
    "area_km2": 3289.572,
    "created_at": "2025-08-26T14:33:28.234007",
    "updated_at": "2025-08-26T14:33:28.234007"
  },
  {
    "id_municipio": 5445,
    "cd_mun": "5106216",
    "nm_mun": "Nova Canaã do Norte",
    "cd_rgi": "510007",
    "nm_rgi": "Sinop",
    "cd_rgint": "5103",
    "nm_rgint": "Sinop",
    "cd_uf": "51",
    "nm_uf": "Mato Grosso",
    "sigla_uf": "MT",
    "cd_regia": "5",
    "nm_regia": "Centro-oeste",
    "sigla_rg": "CO",
    "cd_concu": null,
    "nm_concu": null,
    "area_km2": 5953.099,
    "created_at": "2025-08-26T14:33:28.234007",
    "updated_at": "2025-08-26T14:33:28.234007"
  },
  {
    "id_municipio": 5061,
    "cd_mun": "5108808",
    "nm_mun": "Nova Guarita",
    "cd_rgi": "510007",
    "nm_rgi": "Sinop",
    "cd_rgint": "5103",
    "nm_rgint": "Sinop",
    "cd_uf": "51",
    "nm_uf": "Mato Grosso",
    "sigla_uf": "MT",
    "cd_regia": "5",
    "nm_regia": "Centro-oeste",
    "sigla_rg": "CO",
    "cd_concu": null,
    "nm_concu": null,
    "area_km2": 1121.928,
    "created_at": "2025-08-26T14:33:28.234007",
    "updated_at": "2025-08-26T14:33:28.234007"
  },
  {
    "id_municipio": 2043,
    "cd_mun": "5106182",
    "nm_mun": "Nova Lacerda",
    "cd_rgi": "510005",
    "nm_rgi": "Pontes e Lacerda - Comodoro",
    "cd_rgint": "5102",
    "nm_rgint": "Cáceres",
    "cd_uf": "51",
    "nm_uf": "Mato Grosso",
    "sigla_uf": "MT",
    "cd_regia": "5",
    "nm_regia": "Centro-oeste",
    "sigla_rg": "CO",
    "cd_concu": null,
    "nm_concu": null,
    "area_km2": 4780.426,
    "created_at": "2025-08-26T14:23:37.304089",
    "updated_at": "2025-08-26T14:23:37.304089"
  },
  {
    "id_municipio": 5200,
    "cd_mun": "5108857",
    "nm_mun": "Nova Marilândia",
    "cd_rgi": "510003",
    "nm_rgi": "Diamantino",
    "cd_rgint": "5101",
    "nm_rgint": "Cuiabá",
    "cd_uf": "51",
    "nm_uf": "Mato Grosso",
    "sigla_uf": "MT",
    "cd_regia": "5",
    "nm_regia": "Centro-oeste",
    "sigla_rg": "CO",
    "cd_concu": null,
    "nm_concu": null,
    "area_km2": 1905.744,
    "created_at": "2025-08-26T14:33:28.234007",
    "updated_at": "2025-08-26T14:33:28.234007"
  },
  {
    "id_municipio": 266,
    "cd_mun": "5108907",
    "nm_mun": "Nova Maringá",
    "cd_rgi": "510003",
    "nm_rgi": "Diamantino",
    "cd_rgint": "5101",
    "nm_rgint": "Cuiabá",
    "cd_uf": "51",
    "nm_uf": "Mato Grosso",
    "sigla_uf": "MT",
    "cd_regia": "5",
    "nm_regia": "Centro-oeste",
    "sigla_rg": "CO",
    "cd_concu": null,
    "nm_concu": null,
    "area_km2": 11553.479,
    "created_at": "2025-08-26T14:16:49.632282",
    "updated_at": "2025-08-26T14:16:49.632282"
  },
  {
    "id_municipio": 381,
    "cd_mun": "5108956",
    "nm_mun": "Nova Monte Verde",
    "cd_rgi": "510010",
    "nm_rgi": "Alta Floresta",
    "cd_rgint": "5103",
    "nm_rgint": "Sinop",
    "cd_uf": "51",
    "nm_uf": "Mato Grosso",
    "sigla_uf": "MT",
    "cd_regia": "5",
    "nm_regia": "Centro-oeste",
    "sigla_rg": "CO",
    "cd_concu": null,
    "nm_concu": null,
    "area_km2": 5139.307,
    "created_at": "2025-08-26T14:16:49.632282",
    "updated_at": "2025-08-26T14:16:49.632282"
  },
  {
    "id_municipio": 5368,
    "cd_mun": "5106224",
    "nm_mun": "Nova Mutum",
    "cd_rgi": "510008",
    "nm_rgi": "Sorriso",
    "cd_rgint": "5103",
    "nm_rgint": "Sinop",
    "cd_uf": "51",
    "nm_uf": "Mato Grosso",
    "sigla_uf": "MT",
    "cd_regia": "5",
    "nm_regia": "Centro-oeste",
    "sigla_rg": "CO",
    "cd_concu": null,
    "nm_concu": null,
    "area_km2": 9536.814,
    "created_at": "2025-08-26T14:33:28.234007",
    "updated_at": "2025-08-26T14:33:28.234007"
  },
  {
    "id_municipio": 2097,
    "cd_mun": "5106174",
    "nm_mun": "Nova Nazaré",
    "cd_rgi": "510015",
    "nm_rgi": "Água Boa",
    "cd_rgint": "5104",
    "nm_rgint": "Barra do Garças",
    "cd_uf": "51",
    "nm_uf": "Mato Grosso",
    "sigla_uf": "MT",
    "cd_regia": "5",
    "nm_regia": "Centro-oeste",
    "sigla_rg": "CO",
    "cd_concu": null,
    "nm_concu": null,
    "area_km2": 4034.539,
    "created_at": "2025-08-26T14:23:37.304089",
    "updated_at": "2025-08-26T14:23:37.304089"
  },
  {
    "id_municipio": 5398,
    "cd_mun": "5106232",
    "nm_mun": "Nova Olímpia",
    "cd_rgi": "510002",
    "nm_rgi": "Tangará da Serra",
    "cd_rgint": "5101",
    "nm_rgint": "Cuiabá",
    "cd_uf": "51",
    "nm_uf": "Mato Grosso",
    "sigla_uf": "MT",
    "cd_regia": "5",
    "nm_regia": "Centro-oeste",
    "sigla_rg": "CO",
    "cd_concu": null,
    "nm_concu": null,
    "area_km2": 1327.266,
    "created_at": "2025-08-26T14:33:28.234007",
    "updated_at": "2025-08-26T14:33:28.234007"
  },
  {
    "id_municipio": 2035,
    "cd_mun": "5106190",
    "nm_mun": "Nova Santa Helena",
    "cd_rgi": "510007",
    "nm_rgi": "Sinop",
    "cd_rgint": "5103",
    "nm_rgint": "Sinop",
    "cd_uf": "51",
    "nm_uf": "Mato Grosso",
    "sigla_uf": "MT",
    "cd_regia": "5",
    "nm_regia": "Centro-oeste",
    "sigla_rg": "CO",
    "cd_concu": null,
    "nm_concu": null,
    "area_km2": 2385.611,
    "created_at": "2025-08-26T14:23:37.304089",
    "updated_at": "2025-08-26T14:23:37.304089"
  },
  {
    "id_municipio": 5503,
    "cd_mun": "5106240",
    "nm_mun": "Nova Ubiratã",
    "cd_rgi": "510008",
    "nm_rgi": "Sorriso",
    "cd_rgint": "5103",
    "nm_rgint": "Sinop",
    "cd_uf": "51",
    "nm_uf": "Mato Grosso",
    "sigla_uf": "MT",
    "cd_regia": "5",
    "nm_regia": "Centro-oeste",
    "sigla_rg": "CO",
    "cd_concu": null,
    "nm_concu": null,
    "area_km2": 8720.777,
    "created_at": "2025-08-26T14:35:19.138031",
    "updated_at": "2025-08-26T14:35:19.138031"
  },
  {
    "id_municipio": 5544,
    "cd_mun": "5106257",
    "nm_mun": "Nova Xavantina",
    "cd_rgi": "510013",
    "nm_rgi": "Barra do Garças",
    "cd_rgint": "5104",
    "nm_rgint": "Barra do Garças",
    "cd_uf": "51",
    "nm_uf": "Mato Grosso",
    "sigla_uf": "MT",
    "cd_regia": "5",
    "nm_regia": "Centro-oeste",
    "sigla_rg": "CO",
    "cd_concu": null,
    "nm_concu": null,
    "area_km2": 5492.206,
    "created_at": "2025-08-26T14:35:19.138031",
    "updated_at": "2025-08-26T14:35:19.138031"
  },
  {
    "id_municipio": 5485,
    "cd_mun": "5106273",
    "nm_mun": "Novo Horizonte do Norte",
    "cd_rgi": "510012",
    "nm_rgi": "Juara",
    "cd_rgint": "5103",
    "nm_rgint": "Sinop",
    "cd_uf": "51",
    "nm_uf": "Mato Grosso",
    "sigla_uf": "MT",
    "cd_regia": "5",
    "nm_regia": "Centro-oeste",
    "sigla_rg": "CO",
    "cd_concu": null,
    "nm_concu": null,
    "area_km2": 920.048,
    "created_at": "2025-08-26T14:33:28.234007",
    "updated_at": "2025-08-26T14:33:28.234007"
  },
  {
    "id_municipio": 5468,
    "cd_mun": "5106265",
    "nm_mun": "Novo Mundo",
    "cd_rgi": "510011",
    "nm_rgi": "Peixoto de Azevedo - Guarantã do Norte",
    "cd_rgint": "5103",
    "nm_rgint": "Sinop",
    "cd_uf": "51",
    "nm_uf": "Mato Grosso",
    "sigla_uf": "MT",
    "cd_regia": "5",
    "nm_regia": "Centro-oeste",
    "sigla_rg": "CO",
    "cd_concu": null,
    "nm_concu": null,
    "area_km2": 5800.759,
    "created_at": "2025-08-26T14:33:28.234007",
    "updated_at": "2025-08-26T14:33:28.234007"
  },
  {
    "id_municipio": 445,
    "cd_mun": "5106315",
    "nm_mun": "Novo Santo Antônio",
    "cd_rgi": "510014",
    "nm_rgi": "Confresa - Vila Rica",
    "cd_rgint": "5104",
    "nm_rgint": "Barra do Garças",
    "cd_uf": "51",
    "nm_uf": "Mato Grosso",
    "sigla_uf": "MT",
    "cd_regia": "5",
    "nm_regia": "Centro-oeste",
    "sigla_rg": "CO",
    "cd_concu": null,
    "nm_concu": null,
    "area_km2": 4394.78,
    "created_at": "2025-08-26T14:16:49.632282",
    "updated_at": "2025-08-26T14:16:49.632282"
  },
  {
    "id_municipio": 32,
    "cd_mun": "5106281",
    "nm_mun": "Novo São Joaquim",
    "cd_rgi": "510013",
    "nm_rgi": "Barra do Garças",
    "cd_rgint": "5104",
    "nm_rgint": "Barra do Garças",
    "cd_uf": "51",
    "nm_uf": "Mato Grosso",
    "sigla_uf": "MT",
    "cd_regia": "5",
    "nm_regia": "Centro-oeste",
    "sigla_rg": "CO",
    "cd_concu": null,
    "nm_concu": null,
    "area_km2": 5225.595,
    "created_at": "2025-08-26T14:16:49.632282",
    "updated_at": "2025-08-26T14:16:49.632282"
  },
  {
    "id_municipio": 60,
    "cd_mun": "5106299",
    "nm_mun": "Paranaíta",
    "cd_rgi": "510010",
    "nm_rgi": "Alta Floresta",
    "cd_rgint": "5103",
    "nm_rgint": "Sinop",
    "cd_uf": "51",
    "nm_uf": "Mato Grosso",
    "sigla_uf": "MT",
    "cd_regia": "5",
    "nm_regia": "Centro-oeste",
    "sigla_rg": "CO",
    "cd_concu": null,
    "nm_concu": null,
    "area_km2": 4814.149,
    "created_at": "2025-08-26T14:16:49.632282",
    "updated_at": "2025-08-26T14:16:49.632282"
  },
  {
    "id_municipio": 402,
    "cd_mun": "5106307",
    "nm_mun": "Paranatinga",
    "cd_rgi": "510017",
    "nm_rgi": "Primavera do Leste",
    "cd_rgint": "5105",
    "nm_rgint": "Rondonópolis",
    "cd_uf": "51",
    "nm_uf": "Mato Grosso",
    "sigla_uf": "MT",
    "cd_regia": "5",
    "nm_regia": "Centro-oeste",
    "sigla_rg": "CO",
    "cd_concu": null,
    "nm_concu": null,
    "area_km2": 24127.429,
    "created_at": "2025-08-26T14:16:49.632282",
    "updated_at": "2025-08-26T14:16:49.632282"
  },
  {
    "id_municipio": 644,
    "cd_mun": "5106372",
    "nm_mun": "Pedra Preta",
    "cd_rgi": "510016",
    "nm_rgi": "Rondonópolis",
    "cd_rgint": "5105",
    "nm_rgint": "Rondonópolis",
    "cd_uf": "51",
    "nm_uf": "Mato Grosso",
    "sigla_uf": "MT",
    "cd_regia": "5",
    "nm_regia": "Centro-oeste",
    "sigla_rg": "CO",
    "cd_concu": null,
    "nm_concu": null,
    "area_km2": 3841.672,
    "created_at": "2025-08-26T14:18:30.386240",
    "updated_at": "2025-08-26T14:18:30.386240"
  },
  {
    "id_municipio": 3874,
    "cd_mun": "5106422",
    "nm_mun": "Peixoto de Azevedo",
    "cd_rgi": "510011",
    "nm_rgi": "Peixoto de Azevedo - Guarantã do Norte",
    "cd_rgint": "5103",
    "nm_rgint": "Sinop",
    "cd_uf": "51",
    "nm_uf": "Mato Grosso",
    "sigla_uf": "MT",
    "cd_regia": "5",
    "nm_regia": "Centro-oeste",
    "sigla_rg": "CO",
    "cd_concu": null,
    "nm_concu": null,
    "area_km2": 14433.775,
    "created_at": "2025-08-26T14:28:39.681185",
    "updated_at": "2025-08-26T14:28:39.681185"
  },
  {
    "id_municipio": 4027,
    "cd_mun": "5106455",
    "nm_mun": "Planalto da Serra",
    "cd_rgi": "510001",
    "nm_rgi": "Cuiabá",
    "cd_rgint": "5101",
    "nm_rgint": "Cuiabá",
    "cd_uf": "51",
    "nm_uf": "Mato Grosso",
    "sigla_uf": "MT",
    "cd_regia": "5",
    "nm_regia": "Centro-oeste",
    "sigla_rg": "CO",
    "cd_concu": null,
    "nm_concu": null,
    "area_km2": 2437.59,
    "created_at": "2025-08-26T14:30:16.147650",
    "updated_at": "2025-08-26T14:30:16.147650"
  },
  {
    "id_municipio": 4471,
    "cd_mun": "5106505",
    "nm_mun": "Poconé",
    "cd_rgi": "510001",
    "nm_rgi": "Cuiabá",
    "cd_rgint": "5101",
    "nm_rgint": "Cuiabá",
    "cd_uf": "51",
    "nm_uf": "Mato Grosso",
    "sigla_uf": "MT",
    "cd_regia": "5",
    "nm_regia": "Centro-oeste",
    "sigla_rg": "CO",
    "cd_concu": null,
    "nm_concu": null,
    "area_km2": 17013.707,
    "created_at": "2025-08-26T14:30:16.147650",
    "updated_at": "2025-08-26T14:30:16.147650"
  },
  {
    "id_municipio": 2556,
    "cd_mun": "5106653",
    "nm_mun": "Pontal do Araguaia",
    "cd_rgi": "510013",
    "nm_rgi": "Barra do Garças",
    "cd_rgint": "5104",
    "nm_rgint": "Barra do Garças",
    "cd_uf": "51",
    "nm_uf": "Mato Grosso",
    "sigla_uf": "MT",
    "cd_regia": "5",
    "nm_regia": "Centro-oeste",
    "sigla_rg": "CO",
    "cd_concu": null,
    "nm_concu": null,
    "area_km2": 2742.482,
    "created_at": "2025-08-26T14:25:16.599609",
    "updated_at": "2025-08-26T14:25:16.599609"
  },
  {
    "id_municipio": 3001,
    "cd_mun": "5106703",
    "nm_mun": "Ponte Branca",
    "cd_rgi": "510013",
    "nm_rgi": "Barra do Garças",
    "cd_rgint": "5104",
    "nm_rgint": "Barra do Garças",
    "cd_uf": "51",
    "nm_uf": "Mato Grosso",
    "sigla_uf": "MT",
    "cd_regia": "5",
    "nm_regia": "Centro-oeste",
    "sigla_rg": "CO",
    "cd_concu": null,
    "nm_concu": null,
    "area_km2": 701.138,
    "created_at": "2025-08-26T14:26:59.412073",
    "updated_at": "2025-08-26T14:26:59.412073"
  },
  {
    "id_municipio": 3135,
    "cd_mun": "5106752",
    "nm_mun": "Pontes e Lacerda",
    "cd_rgi": "510005",
    "nm_rgi": "Pontes e Lacerda - Comodoro",
    "cd_rgint": "5102",
    "nm_rgint": "Cáceres",
    "cd_uf": "51",
    "nm_uf": "Mato Grosso",
    "sigla_uf": "MT",
    "cd_regia": "5",
    "nm_regia": "Centro-oeste",
    "sigla_rg": "CO",
    "cd_concu": null,
    "nm_concu": null,
    "area_km2": 8545.292,
    "created_at": "2025-08-26T14:26:59.412073",
    "updated_at": "2025-08-26T14:26:59.412073"
  },
  {
    "id_municipio": 3251,
    "cd_mun": "5106778",
    "nm_mun": "Porto Alegre do Norte",
    "cd_rgi": "510014",
    "nm_rgi": "Confresa - Vila Rica",
    "cd_rgint": "5104",
    "nm_rgint": "Barra do Garças",
    "cd_uf": "51",
    "nm_uf": "Mato Grosso",
    "sigla_uf": "MT",
    "cd_regia": "5",
    "nm_regia": "Centro-oeste",
    "sigla_rg": "CO",
    "cd_concu": null,
    "nm_concu": null,
    "area_km2": 3971.732,
    "created_at": "2025-08-26T14:26:59.412073",
    "updated_at": "2025-08-26T14:26:59.412073"
  },
  {
    "id_municipio": 797,
    "cd_mun": "5106802",
    "nm_mun": "Porto dos Gaúchos",
    "cd_rgi": "510012",
    "nm_rgi": "Juara",
    "cd_rgint": "5103",
    "nm_rgint": "Sinop",
    "cd_uf": "51",
    "nm_uf": "Mato Grosso",
    "sigla_uf": "MT",
    "cd_regia": "5",
    "nm_regia": "Centro-oeste",
    "sigla_rg": "CO",
    "cd_concu": null,
    "nm_concu": null,
    "area_km2": 6846.668,
    "created_at": "2025-08-26T14:18:30.386240",
    "updated_at": "2025-08-26T14:18:30.386240"
  },
  {
    "id_municipio": 752,
    "cd_mun": "5106828",
    "nm_mun": "Porto Esperidião",
    "cd_rgi": "510006",
    "nm_rgi": "Mirassol D'oeste",
    "cd_rgint": "5102",
    "nm_rgint": "Cáceres",
    "cd_uf": "51",
    "nm_uf": "Mato Grosso",
    "sigla_uf": "MT",
    "cd_regia": "5",
    "nm_regia": "Centro-oeste",
    "sigla_rg": "CO",
    "cd_concu": null,
    "nm_concu": null,
    "area_km2": 5835.278,
    "created_at": "2025-08-26T14:18:30.386240",
    "updated_at": "2025-08-26T14:18:30.386240"
  },
  {
    "id_municipio": 900,
    "cd_mun": "5106851",
    "nm_mun": "Porto Estrela",
    "cd_rgi": "510002",
    "nm_rgi": "Tangará da Serra",
    "cd_rgint": "5101",
    "nm_rgint": "Cuiabá",
    "cd_uf": "51",
    "nm_uf": "Mato Grosso",
    "sigla_uf": "MT",
    "cd_regia": "5",
    "nm_regia": "Centro-oeste",
    "sigla_rg": "CO",
    "cd_concu": null,
    "nm_concu": null,
    "area_km2": 2045.467,
    "created_at": "2025-08-26T14:18:30.386240",
    "updated_at": "2025-08-26T14:18:30.386240"
  },
  {
    "id_municipio": 4618,
    "cd_mun": "5107008",
    "nm_mun": "Poxoréu",
    "cd_rgi": "510017",
    "nm_rgi": "Primavera do Leste",
    "cd_rgint": "5105",
    "nm_rgint": "Rondonópolis",
    "cd_uf": "51",
    "nm_uf": "Mato Grosso",
    "sigla_uf": "MT",
    "cd_regia": "5",
    "nm_regia": "Centro-oeste",
    "sigla_rg": "CO",
    "cd_concu": null,
    "nm_concu": null,
    "area_km2": 6915.298,
    "created_at": "2025-08-26T14:31:56.583430",
    "updated_at": "2025-08-26T14:31:56.583430"
  },
  {
    "id_municipio": 4709,
    "cd_mun": "5107040",
    "nm_mun": "Primavera do Leste",
    "cd_rgi": "510017",
    "nm_rgi": "Primavera do Leste",
    "cd_rgint": "5105",
    "nm_rgint": "Rondonópolis",
    "cd_uf": "51",
    "nm_uf": "Mato Grosso",
    "sigla_uf": "MT",
    "cd_regia": "5",
    "nm_regia": "Centro-oeste",
    "sigla_rg": "CO",
    "cd_concu": null,
    "nm_concu": null,
    "area_km2": 5470.383,
    "created_at": "2025-08-26T14:31:56.583430",
    "updated_at": "2025-08-26T14:31:56.583430"
  },
  {
    "id_municipio": 2045,
    "cd_mun": "5107065",
    "nm_mun": "Querência",
    "cd_rgi": "510015",
    "nm_rgi": "Água Boa",
    "cd_rgint": "5104",
    "nm_rgint": "Barra do Garças",
    "cd_uf": "51",
    "nm_uf": "Mato Grosso",
    "sigla_uf": "MT",
    "cd_regia": "5",
    "nm_regia": "Centro-oeste",
    "sigla_rg": "CO",
    "cd_concu": null,
    "nm_concu": null,
    "area_km2": 17799.989,
    "created_at": "2025-08-26T14:23:37.304089",
    "updated_at": "2025-08-26T14:23:37.304089"
  },
  {
    "id_municipio": 2597,
    "cd_mun": "5107156",
    "nm_mun": "Reserva do Cabaçal",
    "cd_rgi": "510006",
    "nm_rgi": "Mirassol D'oeste",
    "cd_rgint": "5102",
    "nm_rgint": "Cáceres",
    "cd_uf": "51",
    "nm_uf": "Mato Grosso",
    "sigla_uf": "MT",
    "cd_regia": "5",
    "nm_regia": "Centro-oeste",
    "sigla_rg": "CO",
    "cd_concu": null,
    "nm_concu": null,
    "area_km2": 1331.677,
    "created_at": "2025-08-26T14:25:16.599609",
    "updated_at": "2025-08-26T14:25:16.599609"
  },
  {
    "id_municipio": 2710,
    "cd_mun": "5107180",
    "nm_mun": "Ribeirão Cascalheira",
    "cd_rgi": "510015",
    "nm_rgi": "Água Boa",
    "cd_rgint": "5104",
    "nm_rgint": "Barra do Garças",
    "cd_uf": "51",
    "nm_uf": "Mato Grosso",
    "sigla_uf": "MT",
    "cd_regia": "5",
    "nm_regia": "Centro-oeste",
    "sigla_rg": "CO",
    "cd_concu": null,
    "nm_concu": null,
    "area_km2": 11354.555,
    "created_at": "2025-08-26T14:25:16.599609",
    "updated_at": "2025-08-26T14:25:16.599609"
  },
  {
    "id_municipio": 2675,
    "cd_mun": "5107198",
    "nm_mun": "Ribeirãozinho",
    "cd_rgi": "510013",
    "nm_rgi": "Barra do Garças",
    "cd_rgint": "5104",
    "nm_rgint": "Barra do Garças",
    "cd_uf": "51",
    "nm_uf": "Mato Grosso",
    "sigla_uf": "MT",
    "cd_regia": "5",
    "nm_regia": "Centro-oeste",
    "sigla_rg": "CO",
    "cd_concu": null,
    "nm_concu": null,
    "area_km2": 624.997,
    "created_at": "2025-08-26T14:25:16.599609",
    "updated_at": "2025-08-26T14:25:16.599609"
  },
  {
    "id_municipio": 3158,
    "cd_mun": "5107206",
    "nm_mun": "Rio Branco",
    "cd_rgi": "510004",
    "nm_rgi": "Cáceres",
    "cd_rgint": "5102",
    "nm_rgint": "Cáceres",
    "cd_uf": "51",
    "nm_uf": "Mato Grosso",
    "sigla_uf": "MT",
    "cd_regia": "5",
    "nm_regia": "Centro-oeste",
    "sigla_rg": "CO",
    "cd_concu": null,
    "nm_concu": null,
    "area_km2": 539.287,
    "created_at": "2025-08-26T14:26:59.412073",
    "updated_at": "2025-08-26T14:26:59.412073"
  },
  {
    "id_municipio": 5351,
    "cd_mun": "5107578",
    "nm_mun": "Rondolândia",
    "cd_rgi": "510009",
    "nm_rgi": "Juína",
    "cd_rgint": "5103",
    "nm_rgint": "Sinop",
    "cd_uf": "51",
    "nm_uf": "Mato Grosso",
    "sigla_uf": "MT",
    "cd_regia": "5",
    "nm_regia": "Centro-oeste",
    "sigla_rg": "CO",
    "cd_concu": null,
    "nm_concu": null,
    "area_km2": 12658.342,
    "created_at": "2025-08-26T14:33:28.234007",
    "updated_at": "2025-08-26T14:33:28.234007"
  },
  {
    "id_municipio": 217,
    "cd_mun": "5107602",
    "nm_mun": "Rondonópolis",
    "cd_rgi": "510016",
    "nm_rgi": "Rondonópolis",
    "cd_rgint": "5105",
    "nm_rgint": "Rondonópolis",
    "cd_uf": "51",
    "nm_uf": "Mato Grosso",
    "sigla_uf": "MT",
    "cd_regia": "5",
    "nm_regia": "Centro-oeste",
    "sigla_rg": "CO",
    "cd_concu": "5107602",
    "nm_concu": "Rondonópolis",
    "area_km2": 4824.505,
    "created_at": "2025-08-26T14:16:49.632282",
    "updated_at": "2025-08-26T14:16:49.632282"
  },
  {
    "id_municipio": 3691,
    "cd_mun": "5107701",
    "nm_mun": "Rosário Oeste",
    "cd_rgi": "510001",
    "nm_rgi": "Cuiabá",
    "cd_rgint": "5101",
    "nm_rgint": "Cuiabá",
    "cd_uf": "51",
    "nm_uf": "Mato Grosso",
    "sigla_uf": "MT",
    "cd_regia": "5",
    "nm_regia": "Centro-oeste",
    "sigla_rg": "CO",
    "cd_concu": null,
    "nm_concu": null,
    "area_km2": 7339.443,
    "created_at": "2025-08-26T14:28:39.681185",
    "updated_at": "2025-08-26T14:28:39.681185"
  },
  {
    "id_municipio": 3722,
    "cd_mun": "5107750",
    "nm_mun": "Salto do Céu",
    "cd_rgi": "510004",
    "nm_rgi": "Cáceres",
    "cd_rgint": "5102",
    "nm_rgint": "Cáceres",
    "cd_uf": "51",
    "nm_uf": "Mato Grosso",
    "sigla_uf": "MT",
    "cd_regia": "5",
    "nm_regia": "Centro-oeste",
    "sigla_rg": "CO",
    "cd_concu": null,
    "nm_concu": null,
    "area_km2": 1753.378,
    "created_at": "2025-08-26T14:28:39.681185",
    "updated_at": "2025-08-26T14:28:39.681185"
  },
  {
    "id_municipio": 3241,
    "cd_mun": "5107248",
    "nm_mun": "Santa Carmem",
    "cd_rgi": "510007",
    "nm_rgi": "Sinop",
    "cd_rgint": "5103",
    "nm_rgint": "Sinop",
    "cd_uf": "51",
    "nm_uf": "Mato Grosso",
    "sigla_uf": "MT",
    "cd_regia": "5",
    "nm_regia": "Centro-oeste",
    "sigla_rg": "CO",
    "cd_concu": null,
    "nm_concu": null,
    "area_km2": 3812.09,
    "created_at": "2025-08-26T14:26:59.412073",
    "updated_at": "2025-08-26T14:26:59.412073"
  },
  {
    "id_municipio": 3793,
    "cd_mun": "5107743",
    "nm_mun": "Santa Cruz do Xingu",
    "cd_rgi": "510014",
    "nm_rgi": "Confresa - Vila Rica",
    "cd_rgint": "5104",
    "nm_rgint": "Barra do Garças",
    "cd_uf": "51",
    "nm_uf": "Mato Grosso",
    "sigla_uf": "MT",
    "cd_regia": "5",
    "nm_regia": "Centro-oeste",
    "sigla_rg": "CO",
    "cd_concu": null,
    "nm_concu": null,
    "area_km2": 5623.39,
    "created_at": "2025-08-26T14:28:39.681185",
    "updated_at": "2025-08-26T14:28:39.681185"
  },
  {
    "id_municipio": 3740,
    "cd_mun": "5107768",
    "nm_mun": "Santa Rita do Trivelato",
    "cd_rgi": "510008",
    "nm_rgi": "Sorriso",
    "cd_rgint": "5103",
    "nm_rgint": "Sinop",
    "cd_uf": "51",
    "nm_uf": "Mato Grosso",
    "sigla_uf": "MT",
    "cd_regia": "5",
    "nm_regia": "Centro-oeste",
    "sigla_rg": "CO",
    "cd_concu": null,
    "nm_concu": null,
    "area_km2": 4740.204,
    "created_at": "2025-08-26T14:28:39.681185",
    "updated_at": "2025-08-26T14:28:39.681185"
  },
  {
    "id_municipio": 3854,
    "cd_mun": "5107776",
    "nm_mun": "Santa Terezinha",
    "cd_rgi": "510014",
    "nm_rgi": "Confresa - Vila Rica",
    "cd_rgint": "5104",
    "nm_rgint": "Barra do Garças",
    "cd_uf": "51",
    "nm_uf": "Mato Grosso",
    "sigla_uf": "MT",
    "cd_regia": "5",
    "nm_regia": "Centro-oeste",
    "sigla_rg": "CO",
    "cd_concu": null,
    "nm_concu": null,
    "area_km2": 6466.223,
    "created_at": "2025-08-26T14:28:39.681185",
    "updated_at": "2025-08-26T14:28:39.681185"
  },
  {
    "id_municipio": 3363,
    "cd_mun": "5107263",
    "nm_mun": "Santo Afonso",
    "cd_rgi": "510003",
    "nm_rgi": "Diamantino",
    "cd_rgint": "5101",
    "nm_rgint": "Cuiabá",
    "cd_uf": "51",
    "nm_uf": "Mato Grosso",
    "sigla_uf": "MT",
    "cd_regia": "5",
    "nm_regia": "Centro-oeste",
    "sigla_rg": "CO",
    "cd_concu": null,
    "nm_concu": null,
    "area_km2": 1166.382,
    "created_at": "2025-08-26T14:26:59.412073",
    "updated_at": "2025-08-26T14:26:59.412073"
  },
  {
    "id_municipio": 4286,
    "cd_mun": "5107800",
    "nm_mun": "Santo Antônio de Leverger",
    "cd_rgi": "510001",
    "nm_rgi": "Cuiabá",
    "cd_rgint": "5101",
    "nm_rgint": "Cuiabá",
    "cd_uf": "51",
    "nm_uf": "Mato Grosso",
    "sigla_uf": "MT",
    "cd_regia": "5",
    "nm_regia": "Centro-oeste",
    "sigla_rg": "CO",
    "cd_concu": null,
    "nm_concu": null,
    "area_km2": 9519.194,
    "created_at": "2025-08-26T14:30:16.147650",
    "updated_at": "2025-08-26T14:30:16.147650"
  },
  {
    "id_municipio": 3806,
    "cd_mun": "5107792",
    "nm_mun": "Santo Antônio do Leste",
    "cd_rgi": "510017",
    "nm_rgi": "Primavera do Leste",
    "cd_rgint": "5105",
    "nm_rgint": "Rondonópolis",
    "cd_uf": "51",
    "nm_uf": "Mato Grosso",
    "sigla_uf": "MT",
    "cd_regia": "5",
    "nm_regia": "Centro-oeste",
    "sigla_rg": "CO",
    "cd_concu": null,
    "nm_concu": null,
    "area_km2": 3403.593,
    "created_at": "2025-08-26T14:28:39.681185",
    "updated_at": "2025-08-26T14:28:39.681185"
  },
  {
    "id_municipio": 4456,
    "cd_mun": "5107859",
    "nm_mun": "São Félix do Araguaia",
    "cd_rgi": "510014",
    "nm_rgi": "Confresa - Vila Rica",
    "cd_rgint": "5104",
    "nm_rgint": "Barra do Garças",
    "cd_uf": "51",
    "nm_uf": "Mato Grosso",
    "sigla_uf": "MT",
    "cd_regia": "5",
    "nm_regia": "Centro-oeste",
    "sigla_rg": "CO",
    "cd_concu": null,
    "nm_concu": null,
    "area_km2": 16682.473,
    "created_at": "2025-08-26T14:30:16.147650",
    "updated_at": "2025-08-26T14:30:16.147650"
  },
  {
    "id_municipio": 652,
    "cd_mun": "5107297",
    "nm_mun": "São José do Povo",
    "cd_rgi": "510016",
    "nm_rgi": "Rondonópolis",
    "cd_rgint": "5105",
    "nm_rgint": "Rondonópolis",
    "cd_uf": "51",
    "nm_uf": "Mato Grosso",
    "sigla_uf": "MT",
    "cd_regia": "5",
    "nm_regia": "Centro-oeste",
    "sigla_rg": "CO",
    "cd_concu": null,
    "nm_concu": null,
    "area_km2": 489.737,
    "created_at": "2025-08-26T14:18:30.386240",
    "updated_at": "2025-08-26T14:18:30.386240"
  },
  {
    "id_municipio": 1119,
    "cd_mun": "5107305",
    "nm_mun": "São José do Rio Claro",
    "cd_rgi": "510003",
    "nm_rgi": "Diamantino",
    "cd_rgint": "5101",
    "nm_rgint": "Cuiabá",
    "cd_uf": "51",
    "nm_uf": "Mato Grosso",
    "sigla_uf": "MT",
    "cd_regia": "5",
    "nm_regia": "Centro-oeste",
    "sigla_rg": "CO",
    "cd_concu": null,
    "nm_concu": null,
    "area_km2": 4525.304,
    "created_at": "2025-08-26T14:20:11.646400",
    "updated_at": "2025-08-26T14:20:11.646400"
  },
  {
    "id_municipio": 2575,
    "cd_mun": "5107107",
    "nm_mun": "São José dos Quatro Marcos",
    "cd_rgi": "510006",
    "nm_rgi": "Mirassol D'oeste",
    "cd_rgint": "5102",
    "nm_rgint": "Cáceres",
    "cd_uf": "51",
    "nm_uf": "Mato Grosso",
    "sigla_uf": "MT",
    "cd_regia": "5",
    "nm_regia": "Centro-oeste",
    "sigla_rg": "CO",
    "cd_concu": null,
    "nm_concu": null,
    "area_km2": 1282.763,
    "created_at": "2025-08-26T14:25:16.599609",
    "updated_at": "2025-08-26T14:25:16.599609"
  },
  {
    "id_municipio": 1145,
    "cd_mun": "5107354",
    "nm_mun": "São José do Xingu",
    "cd_rgi": "510014",
    "nm_rgi": "Confresa - Vila Rica",
    "cd_rgint": "5104",
    "nm_rgint": "Barra do Garças",
    "cd_uf": "51",
    "nm_uf": "Mato Grosso",
    "sigla_uf": "MT",
    "cd_regia": "5",
    "nm_regia": "Centro-oeste",
    "sigla_rg": "CO",
    "cd_concu": null,
    "nm_concu": null,
    "area_km2": 7465.563,
    "created_at": "2025-08-26T14:20:11.646400",
    "updated_at": "2025-08-26T14:20:11.646400"
  },
  {
    "id_municipio": 1662,
    "cd_mun": "5107404",
    "nm_mun": "São Pedro da Cipa",
    "cd_rgi": "510018",
    "nm_rgi": "Jaciara",
    "cd_rgint": "5105",
    "nm_rgint": "Rondonópolis",
    "cd_uf": "51",
    "nm_uf": "Mato Grosso",
    "sigla_uf": "MT",
    "cd_regia": "5",
    "nm_regia": "Centro-oeste",
    "sigla_rg": "CO",
    "cd_concu": null,
    "nm_concu": null,
    "area_km2": 344.33,
    "created_at": "2025-08-26T14:21:54.867267",
    "updated_at": "2025-08-26T14:21:54.867267"
  },
  {
    "id_municipio": 4426,
    "cd_mun": "5107875",
    "nm_mun": "Sapezal",
    "cd_rgi": "510002",
    "nm_rgi": "Tangará da Serra",
    "cd_rgint": "5101",
    "nm_rgint": "Cuiabá",
    "cd_uf": "51",
    "nm_uf": "Mato Grosso",
    "sigla_uf": "MT",
    "cd_regia": "5",
    "nm_regia": "Centro-oeste",
    "sigla_rg": "CO",
    "cd_concu": null,
    "nm_concu": null,
    "area_km2": 13614.552,
    "created_at": "2025-08-26T14:30:16.147650",
    "updated_at": "2025-08-26T14:30:16.147650"
  },
  {
    "id_municipio": 4453,
    "cd_mun": "5107883",
    "nm_mun": "Serra Nova Dourada",
    "cd_rgi": "510014",
    "nm_rgi": "Confresa - Vila Rica",
    "cd_rgint": "5104",
    "nm_rgint": "Barra do Garças",
    "cd_uf": "51",
    "nm_uf": "Mato Grosso",
    "sigla_uf": "MT",
    "cd_regia": "5",
    "nm_regia": "Centro-oeste",
    "sigla_rg": "CO",
    "cd_concu": null,
    "nm_concu": null,
    "area_km2": 1490.793,
    "created_at": "2025-08-26T14:30:16.147650",
    "updated_at": "2025-08-26T14:30:16.147650"
  },
  {
    "id_municipio": 2242,
    "cd_mun": "5107909",
    "nm_mun": "Sinop",
    "cd_rgi": "510007",
    "nm_rgi": "Sinop",
    "cd_rgint": "5103",
    "nm_rgint": "Sinop",
    "cd_uf": "51",
    "nm_uf": "Mato Grosso",
    "sigla_uf": "MT",
    "cd_regia": "5",
    "nm_regia": "Centro-oeste",
    "sigla_rg": "CO",
    "cd_concu": "5107909",
    "nm_concu": "Sinop",
    "area_km2": 3990.87,
    "created_at": "2025-08-26T14:23:37.304089",
    "updated_at": "2025-08-26T14:23:37.304089"
  },
  {
    "id_municipio": 2184,
    "cd_mun": "5107925",
    "nm_mun": "Sorriso",
    "cd_rgi": "510008",
    "nm_rgi": "Sorriso",
    "cd_rgint": "5103",
    "nm_rgint": "Sinop",
    "cd_uf": "51",
    "nm_uf": "Mato Grosso",
    "sigla_uf": "MT",
    "cd_regia": "5",
    "nm_regia": "Centro-oeste",
    "sigla_rg": "CO",
    "cd_concu": null,
    "nm_concu": null,
    "area_km2": 8454.83,
    "created_at": "2025-08-26T14:23:37.304089",
    "updated_at": "2025-08-26T14:23:37.304089"
  },
  {
    "id_municipio": 2340,
    "cd_mun": "5107941",
    "nm_mun": "Tabaporã",
    "cd_rgi": "510012",
    "nm_rgi": "Juara",
    "cd_rgint": "5103",
    "nm_rgint": "Sinop",
    "cd_uf": "51",
    "nm_uf": "Mato Grosso",
    "sigla_uf": "MT",
    "cd_regia": "5",
    "nm_regia": "Centro-oeste",
    "sigla_rg": "CO",
    "cd_concu": null,
    "nm_concu": null,
    "area_km2": 8439.05,
    "created_at": "2025-08-26T14:23:37.304089",
    "updated_at": "2025-08-26T14:23:37.304089"
  },
  {
    "id_municipio": 2254,
    "cd_mun": "5107958",
    "nm_mun": "Tangará da Serra",
    "cd_rgi": "510002",
    "nm_rgi": "Tangará da Serra",
    "cd_rgint": "5101",
    "nm_rgint": "Cuiabá",
    "cd_uf": "51",
    "nm_uf": "Mato Grosso",
    "sigla_uf": "MT",
    "cd_regia": "5",
    "nm_regia": "Centro-oeste",
    "sigla_rg": "CO",
    "cd_concu": null,
    "nm_concu": null,
    "area_km2": 11636.262,
    "created_at": "2025-08-26T14:23:37.304089",
    "updated_at": "2025-08-26T14:23:37.304089"
  },
  {
    "id_municipio": 5452,
    "cd_mun": "5108006",
    "nm_mun": "Tapurah",
    "cd_rgi": "510008",
    "nm_rgi": "Sorriso",
    "cd_rgint": "5103",
    "nm_rgint": "Sinop",
    "cd_uf": "51",
    "nm_uf": "Mato Grosso",
    "sigla_uf": "MT",
    "cd_regia": "5",
    "nm_regia": "Centro-oeste",
    "sigla_rg": "CO",
    "cd_concu": null,
    "nm_concu": null,
    "area_km2": 4492.539,
    "created_at": "2025-08-26T14:33:28.234007",
    "updated_at": "2025-08-26T14:33:28.234007"
  },
  {
    "id_municipio": 5561,
    "cd_mun": "5108055",
    "nm_mun": "Terra Nova do Norte",
    "cd_rgi": "510007",
    "nm_rgi": "Sinop",
    "cd_rgint": "5103",
    "nm_rgint": "Sinop",
    "cd_uf": "51",
    "nm_uf": "Mato Grosso",
    "sigla_uf": "MT",
    "cd_regia": "5",
    "nm_regia": "Centro-oeste",
    "sigla_rg": "CO",
    "cd_concu": null,
    "nm_concu": null,
    "area_km2": 2399.737,
    "created_at": "2025-08-26T14:35:19.138031",
    "updated_at": "2025-08-26T14:35:19.138031"
  },
  {
    "id_municipio": 618,
    "cd_mun": "5108105",
    "nm_mun": "Tesouro",
    "cd_rgi": "510016",
    "nm_rgi": "Rondonópolis",
    "cd_rgint": "5105",
    "nm_rgint": "Rondonópolis",
    "cd_uf": "51",
    "nm_uf": "Mato Grosso",
    "sigla_uf": "MT",
    "cd_regia": "5",
    "nm_regia": "Centro-oeste",
    "sigla_rg": "CO",
    "cd_concu": null,
    "nm_concu": null,
    "area_km2": 4244.073,
    "created_at": "2025-08-26T14:18:30.386240",
    "updated_at": "2025-08-26T14:18:30.386240"
  },
  {
    "id_municipio": 3939,
    "cd_mun": "5108204",
    "nm_mun": "Torixoréu",
    "cd_rgi": "510013",
    "nm_rgi": "Barra do Garças",
    "cd_rgint": "5104",
    "nm_rgint": "Barra do Garças",
    "cd_uf": "51",
    "nm_uf": "Mato Grosso",
    "sigla_uf": "MT",
    "cd_regia": "5",
    "nm_regia": "Centro-oeste",
    "sigla_rg": "CO",
    "cd_concu": null,
    "nm_concu": null,
    "area_km2": 2398.383,
    "created_at": "2025-08-26T14:28:39.681185",
    "updated_at": "2025-08-26T14:28:39.681185"
  },
  {
    "id_municipio": 4697,
    "cd_mun": "5108303",
    "nm_mun": "União do Sul",
    "cd_rgi": "510007",
    "nm_rgi": "Sinop",
    "cd_rgint": "5103",
    "nm_rgint": "Sinop",
    "cd_uf": "51",
    "nm_uf": "Mato Grosso",
    "sigla_uf": "MT",
    "cd_regia": "5",
    "nm_regia": "Centro-oeste",
    "sigla_rg": "CO",
    "cd_concu": null,
    "nm_concu": null,
    "area_km2": 4590.628,
    "created_at": "2025-08-26T14:31:56.583430",
    "updated_at": "2025-08-26T14:31:56.583430"
  },
  {
    "id_municipio": 4793,
    "cd_mun": "5108352",
    "nm_mun": "Vale de São Domingos",
    "cd_rgi": "510005",
    "nm_rgi": "Pontes e Lacerda - Comodoro",
    "cd_rgint": "5102",
    "nm_rgint": "Cáceres",
    "cd_uf": "51",
    "nm_uf": "Mato Grosso",
    "sigla_uf": "MT",
    "cd_regia": "5",
    "nm_regia": "Centro-oeste",
    "sigla_rg": "CO",
    "cd_concu": null,
    "nm_concu": null,
    "area_km2": 1902.108,
    "created_at": "2025-08-26T14:31:56.583430",
    "updated_at": "2025-08-26T14:31:56.583430"
  },
  {
    "id_municipio": 2474,
    "cd_mun": "5108402",
    "nm_mun": "Várzea Grande",
    "cd_rgi": "510001",
    "nm_rgi": "Cuiabá",
    "cd_rgint": "5101",
    "nm_rgint": "Cuiabá",
    "cd_uf": "51",
    "nm_uf": "Mato Grosso",
    "sigla_uf": "MT",
    "cd_regia": "5",
    "nm_regia": "Centro-oeste",
    "sigla_rg": "CO",
    "cd_concu": "5103403",
    "nm_concu": "Cuiabá/MT",
    "area_km2": 939.887,
    "created_at": "2025-08-26T14:23:37.304089",
    "updated_at": "2025-08-26T14:23:37.304089"
  },
  {
    "id_municipio": 3226,
    "cd_mun": "5108501",
    "nm_mun": "Vera",
    "cd_rgi": "510008",
    "nm_rgi": "Sorriso",
    "cd_rgint": "5103",
    "nm_rgint": "Sinop",
    "cd_uf": "51",
    "nm_uf": "Mato Grosso",
    "sigla_uf": "MT",
    "cd_regia": "5",
    "nm_regia": "Centro-oeste",
    "sigla_rg": "CO",
    "cd_concu": null,
    "nm_concu": null,
    "area_km2": 2978.674,
    "created_at": "2025-08-26T14:26:59.412073",
    "updated_at": "2025-08-26T14:26:59.412073"
  },
  {
    "id_municipio": 893,
    "cd_mun": "5105507",
    "nm_mun": "Vila Bela da Santíssima Trindade",
    "cd_rgi": "510005",
    "nm_rgi": "Pontes e Lacerda - Comodoro",
    "cd_rgint": "5102",
    "nm_rgint": "Cáceres",
    "cd_uf": "51",
    "nm_uf": "Mato Grosso",
    "sigla_uf": "MT",
    "cd_regia": "5",
    "nm_regia": "Centro-oeste",
    "sigla_rg": "CO",
    "cd_concu": null,
    "nm_concu": null,
    "area_km2": 13484.71,
    "created_at": "2025-08-26T14:18:30.386240",
    "updated_at": "2025-08-26T14:18:30.386240"
  },
  {
    "id_municipio": 1011,
    "cd_mun": "5108600",
    "nm_mun": "Vila Rica",
    "cd_rgi": "510014",
    "nm_rgi": "Confresa - Vila Rica",
    "cd_rgint": "5104",
    "nm_rgint": "Barra do Garças",
    "cd_uf": "51",
    "nm_uf": "Mato Grosso",
    "sigla_uf": "MT",
    "cd_regia": "5",
    "nm_regia": "Centro-oeste",
    "sigla_rg": "CO",
    "cd_concu": null,
    "nm_concu": null,
    "area_km2": 7436.383,
    "created_at": "2025-08-26T14:20:11.646400",
    "updated_at": "2025-08-26T14:20:11.646400"
  }
]