[
  {
    "id_municipio": 1984,
    "cd_mun": "3300100",
    "nm_mun": "Angra dos Reis",
    "cd_rgi": "330002",
    "nm_rgi": "Angra dos Reis",
    "cd_rgint": "3301",
    "nm_rgint": "Rio de Janeiro",
    "cd_uf": "33",
    "nm_uf": "Rio de Janeiro",
    "sigla_uf": "RJ",
    "cd_regia": "3",
    "nm_regia": "Sudeste",
    "sigla_rg": "SE",
    "cd_concu": "3300100",
    "nm_concu": "Angra dos Reis",
    "area_km2": 813.42,
    "created_at": "2025-08-26T14:21:54.867267",
    "updated_at": "2025-08-26T14:21:54.867267"
  },
  {
    "id_municipio": 2076,
    "cd_mun": "3300159",
    "nm_mun": "Aperibé",
    "cd_rgi": "330012",
    "nm_rgi": "Santo Antônio de Pádua",
    "cd_rgint": "3304",
    "nm_rgint": "Campos dos Goytacazes",
    "cd_uf": "33",
    "nm_uf": "Rio de Janeiro",
    "sigla_uf": "RJ",
    "cd_regia": "3",
    "nm_regia": "Sudeste",
    "sigla_rg": "SE",
    "cd_concu": null,
    "nm_concu": null,
    "area_km2": 94.542,
    "created_at": "2025-08-26T14:23:37.304089",
    "updated_at": "2025-08-26T14:23:37.304089"
  },
  {
    "id_municipio": 5509,
    "cd_mun": "3300209",
    "nm_mun": "Araruama",
    "cd_rgi": "330013",
    "nm_rgi": "Cabo Frio",
    "cd_rgint": "3305",
    "nm_rgint": "Macaé - Rio das Ostras - Cabo Frio",
    "cd_uf": "33",
    "nm_uf": "Rio de Janeiro",
    "sigla_uf": "RJ",
    "cd_regia": "3",
    "nm_regia": "Sudeste",
    "sigla_rg": "SE",
    "cd_concu": "3300209",
    "nm_concu": "Araruama/RJ",
    "area_km2": 638.276,
    "created_at": "2025-08-26T14:35:19.138031",
    "updated_at": "2025-08-26T14:35:19.138031"
  },
  {
    "id_municipio": 5483,
    "cd_mun": "3300225",
    "nm_mun": "Areal",
    "cd_rgi": "330007",
    "nm_rgi": "Petrópolis",
    "cd_rgint": "3303",
    "nm_rgint": "Petrópolis",
    "cd_uf": "33",
    "nm_uf": "Rio de Janeiro",
    "sigla_uf": "RJ",
    "cd_regia": "3",
    "nm_regia": "Sudeste",
    "sigla_rg": "SE",
    "cd_concu": "3303906",
    "nm_concu": "Petrópolis/RJ",
    "area_km2": 110.724,
    "created_at": "2025-08-26T14:33:28.234007",
    "updated_at": "2025-08-26T14:33:28.234007"
  },
  {
    "id_municipio": 5504,
    "cd_mun": "3300233",
    "nm_mun": "Armação dos Búzios",
    "cd_rgi": "330013",
    "nm_rgi": "Cabo Frio",
    "cd_rgint": "3305",
    "nm_rgint": "Macaé - Rio das Ostras - Cabo Frio",
    "cd_uf": "33",
    "nm_uf": "Rio de Janeiro",
    "sigla_uf": "RJ",
    "cd_regia": "3",
    "nm_regia": "Sudeste",
    "sigla_rg": "SE",
    "cd_concu": "3300704",
    "nm_concu": "Cabo Frio/RJ",
    "area_km2": 70.977,
    "created_at": "2025-08-26T14:35:19.138031",
    "updated_at": "2025-08-26T14:35:19.138031"
  },
  {
    "id_municipio": 78,
    "cd_mun": "3300258",
    "nm_mun": "Arraial do Cabo",
    "cd_rgi": "330013",
    "nm_rgi": "Cabo Frio",
    "cd_rgint": "3305",
    "nm_rgint": "Macaé - Rio das Ostras - Cabo Frio",
    "cd_uf": "33",
    "nm_uf": "Rio de Janeiro",
    "sigla_uf": "RJ",
    "cd_regia": "3",
    "nm_regia": "Sudeste",
    "sigla_rg": "SE",
    "cd_concu": "3300704",
    "nm_concu": "Cabo Frio/RJ",
    "area_km2": 152.106,
    "created_at": "2025-08-26T14:16:49.632282",
    "updated_at": "2025-08-26T14:16:49.632282"
  },
  {
    "id_municipio": 519,
    "cd_mun": "3300308",
    "nm_mun": "Barra do Piraí",
    "cd_rgi": "330004",
    "nm_rgi": "Volta Redonda - Barra Mansa",
    "cd_rgint": "3302",
    "nm_rgint": "Volta Redonda - Barra Mansa",
    "cd_uf": "33",
    "nm_uf": "Rio de Janeiro",
    "sigla_uf": "RJ",
    "cd_regia": "3",
    "nm_regia": "Sudeste",
    "sigla_rg": "SE",
    "cd_concu": null,
    "nm_concu": null,
    "area_km2": 584.61,
    "created_at": "2025-08-26T14:18:30.386240",
    "updated_at": "2025-08-26T14:18:30.386240"
  },
  {
    "id_municipio": 4002,
    "cd_mun": "3300407",
    "nm_mun": "Barra Mansa",
    "cd_rgi": "330004",
    "nm_rgi": "Volta Redonda - Barra Mansa",
    "cd_rgint": "3302",
    "nm_rgint": "Volta Redonda - Barra Mansa",
    "cd_uf": "33",
    "nm_uf": "Rio de Janeiro",
    "sigla_uf": "RJ",
    "cd_regia": "3",
    "nm_regia": "Sudeste",
    "sigla_rg": "SE",
    "cd_concu": "3306305",
    "nm_concu": "Volta Redonda - Barra Mansa/RJ",
    "area_km2": 547.133,
    "created_at": "2025-08-26T14:30:16.147650",
    "updated_at": "2025-08-26T14:30:16.147650"
  },
  {
    "id_municipio": 4128,
    "cd_mun": "3300456",
    "nm_mun": "Belford Roxo",
    "cd_rgi": "330001",
    "nm_rgi": "Rio de Janeiro",
    "cd_rgint": "3301",
    "nm_rgint": "Rio de Janeiro",
    "cd_uf": "33",
    "nm_uf": "Rio de Janeiro",
    "sigla_uf": "RJ",
    "cd_regia": "3",
    "nm_regia": "Sudeste",
    "sigla_rg": "SE",
    "cd_concu": "3304557",
    "nm_concu": "Rio de Janeiro/RJ",
    "area_km2": 78.985,
    "created_at": "2025-08-26T14:30:16.147650",
    "updated_at": "2025-08-26T14:30:16.147650"
  },
  {
    "id_municipio": 4580,
    "cd_mun": "3300506",
    "nm_mun": "Bom Jardim",
    "cd_rgi": "330008",
    "nm_rgi": "Nova Friburgo",
    "cd_rgint": "3303",
    "nm_rgint": "Petrópolis",
    "cd_uf": "33",
    "nm_uf": "Rio de Janeiro",
    "sigla_uf": "RJ",
    "cd_regia": "3",
    "nm_regia": "Sudeste",
    "sigla_rg": "SE",
    "cd_concu": null,
    "nm_concu": null,
    "area_km2": 382.43,
    "created_at": "2025-08-26T14:31:56.583430",
    "updated_at": "2025-08-26T14:31:56.583430"
  },
  {
    "id_municipio": 2535,
    "cd_mun": "3300605",
    "nm_mun": "Bom Jesus do Itabapoana",
    "cd_rgi": "330011",
    "nm_rgi": "Itaperuna",
    "cd_rgint": "3304",
    "nm_rgint": "Campos dos Goytacazes",
    "cd_uf": "33",
    "nm_uf": "Rio de Janeiro",
    "sigla_uf": "RJ",
    "cd_regia": "3",
    "nm_regia": "Sudeste",
    "sigla_rg": "SE",
    "cd_concu": null,
    "nm_concu": null,
    "area_km2": 596.659,
    "created_at": "2025-08-26T14:25:16.599609",
    "updated_at": "2025-08-26T14:25:16.599609"
  },
  {
    "id_municipio": 3112,
    "cd_mun": "3300704",
    "nm_mun": "Cabo Frio",
    "cd_rgi": "330013",
    "nm_rgi": "Cabo Frio",
    "cd_rgint": "3305",
    "nm_rgint": "Macaé - Rio das Ostras - Cabo Frio",
    "cd_uf": "33",
    "nm_uf": "Rio de Janeiro",
    "sigla_uf": "RJ",
    "cd_regia": "3",
    "nm_regia": "Sudeste",
    "sigla_rg": "SE",
    "cd_concu": "3300704",
    "nm_concu": "Cabo Frio/RJ",
    "area_km2": 413.449,
    "created_at": "2025-08-26T14:26:59.412073",
    "updated_at": "2025-08-26T14:26:59.412073"
  },
  {
    "id_municipio": 1073,
    "cd_mun": "3300803",
    "nm_mun": "Cachoeiras de Macacu",
    "cd_rgi": "330003",
    "nm_rgi": "Rio Bonito",
    "cd_rgint": "3301",
    "nm_rgint": "Rio de Janeiro",
    "cd_uf": "33",
    "nm_uf": "Rio de Janeiro",
    "sigla_uf": "RJ",
    "cd_regia": "3",
    "nm_regia": "Sudeste",
    "sigla_rg": "SE",
    "cd_concu": null,
    "nm_concu": null,
    "area_km2": 954.749,
    "created_at": "2025-08-26T14:20:11.646400",
    "updated_at": "2025-08-26T14:20:11.646400"
  },
  {
    "id_municipio": 1605,
    "cd_mun": "3300902",
    "nm_mun": "Cambuci",
    "cd_rgi": "330012",
    "nm_rgi": "Santo Antônio de Pádua",
    "cd_rgint": "3304",
    "nm_rgint": "Campos dos Goytacazes",
    "cd_uf": "33",
    "nm_uf": "Rio de Janeiro",
    "sigla_uf": "RJ",
    "cd_regia": "3",
    "nm_regia": "Sudeste",
    "sigla_rg": "SE",
    "cd_concu": null,
    "nm_concu": null,
    "area_km2": 558.281,
    "created_at": "2025-08-26T14:21:54.867267",
    "updated_at": "2025-08-26T14:21:54.867267"
  },
  {
    "id_municipio": 4900,
    "cd_mun": "3301009",
    "nm_mun": "Campos dos Goytacazes",
    "cd_rgi": "330010",
    "nm_rgi": "Campos dos Goytacazes",
    "cd_rgint": "3304",
    "nm_rgint": "Campos dos Goytacazes",
    "cd_uf": "33",
    "nm_uf": "Rio de Janeiro",
    "sigla_uf": "RJ",
    "cd_regia": "3",
    "nm_regia": "Sudeste",
    "sigla_rg": "SE",
    "cd_concu": "3301009",
    "nm_concu": "Campos dos Goytacazes/RJ",
    "area_km2": 4032.487,
    "created_at": "2025-08-26T14:31:56.583430",
    "updated_at": "2025-08-26T14:31:56.583430"
  },
  {
    "id_municipio": 2862,
    "cd_mun": "3301108",
    "nm_mun": "Cantagalo",
    "cd_rgi": "330008",
    "nm_rgi": "Nova Friburgo",
    "cd_rgint": "3303",
    "nm_rgint": "Petrópolis",
    "cd_uf": "33",
    "nm_uf": "Rio de Janeiro",
    "sigla_uf": "RJ",
    "cd_regia": "3",
    "nm_regia": "Sudeste",
    "sigla_rg": "SE",
    "cd_concu": null,
    "nm_concu": null,
    "area_km2": 747.21,
    "created_at": "2025-08-26T14:25:16.599609",
    "updated_at": "2025-08-26T14:25:16.599609"
  },
  {
    "id_municipio": 1773,
    "cd_mun": "3300936",
    "nm_mun": "Carapebus",
    "cd_rgi": "330014",
    "nm_rgi": "Macaé - Rio das Ostras",
    "cd_rgint": "3305",
    "nm_rgint": "Macaé - Rio das Ostras - Cabo Frio",
    "cd_uf": "33",
    "nm_uf": "Rio de Janeiro",
    "sigla_uf": "RJ",
    "cd_regia": "3",
    "nm_regia": "Sudeste",
    "sigla_rg": "SE",
    "cd_concu": "3302403",
    "nm_concu": "Macaé - Rio das Ostras/RJ",
    "area_km2": 304.885,
    "created_at": "2025-08-26T14:21:54.867267",
    "updated_at": "2025-08-26T14:21:54.867267"
  },
  {
    "id_municipio": 2890,
    "cd_mun": "3301157",
    "nm_mun": "Cardoso Moreira",
    "cd_rgi": "330010",
    "nm_rgi": "Campos dos Goytacazes",
    "cd_rgint": "3304",
    "nm_rgint": "Campos dos Goytacazes",
    "cd_uf": "33",
    "nm_uf": "Rio de Janeiro",
    "sigla_uf": "RJ",
    "cd_regia": "3",
    "nm_regia": "Sudeste",
    "sigla_rg": "SE",
    "cd_concu": null,
    "nm_concu": null,
    "area_km2": 522.596,
    "created_at": "2025-08-26T14:25:16.599609",
    "updated_at": "2025-08-26T14:25:16.599609"
  },
  {
    "id_municipio": 3416,
    "cd_mun": "3301207",
    "nm_mun": "Carmo",
    "cd_rgi": "330008",
    "nm_rgi": "Nova Friburgo",
    "cd_rgint": "3303",
    "nm_rgint": "Petrópolis",
    "cd_uf": "33",
    "nm_uf": "Rio de Janeiro",
    "sigla_uf": "RJ",
    "cd_regia": "3",
    "nm_regia": "Sudeste",
    "sigla_rg": "SE",
    "cd_concu": null,
    "nm_concu": null,
    "area_km2": 305.749,
    "created_at": "2025-08-26T14:26:59.412073",
    "updated_at": "2025-08-26T14:26:59.412073"
  },
  {
    "id_municipio": 1365,
    "cd_mun": "3301306",
    "nm_mun": "Casimiro de Abreu",
    "cd_rgi": "330014",
    "nm_rgi": "Macaé - Rio das Ostras",
    "cd_rgint": "3305",
    "nm_rgint": "Macaé - Rio das Ostras - Cabo Frio",
    "cd_uf": "33",
    "nm_uf": "Rio de Janeiro",
    "sigla_uf": "RJ",
    "cd_regia": "3",
    "nm_regia": "Sudeste",
    "sigla_rg": "SE",
    "cd_concu": "3302403",
    "nm_concu": "Macaé - Rio das Ostras/RJ",
    "area_km2": 462.918,
    "created_at": "2025-08-26T14:20:11.646400",
    "updated_at": "2025-08-26T14:20:11.646400"
  },
  {
    "id_municipio": 1746,
    "cd_mun": "3300951",
    "nm_mun": "Comendador Levy Gasparian",
    "cd_rgi": "330009",
    "nm_rgi": "Três Rios - Paraíba do Sul",
    "cd_rgint": "3303",
    "nm_rgint": "Petrópolis",
    "cd_uf": "33",
    "nm_uf": "Rio de Janeiro",
    "sigla_uf": "RJ",
    "cd_regia": "3",
    "nm_regia": "Sudeste",
    "sigla_rg": "SE",
    "cd_concu": "3306008",
    "nm_concu": "Três Rios - Paraíba do Sul/RJ",
    "area_km2": 108.639,
    "created_at": "2025-08-26T14:21:54.867267",
    "updated_at": "2025-08-26T14:21:54.867267"
  },
  {
    "id_municipio": 1951,
    "cd_mun": "3301405",
    "nm_mun": "Conceição de Macabu",
    "cd_rgi": "330014",
    "nm_rgi": "Macaé - Rio das Ostras",
    "cd_rgint": "3305",
    "nm_rgint": "Macaé - Rio das Ostras - Cabo Frio",
    "cd_uf": "33",
    "nm_uf": "Rio de Janeiro",
    "sigla_uf": "RJ",
    "cd_regia": "3",
    "nm_regia": "Sudeste",
    "sigla_rg": "SE",
    "cd_concu": "3302403",
    "nm_concu": "Macaé - Rio das Ostras/RJ",
    "area_km2": 338.26,
    "created_at": "2025-08-26T14:21:54.867267",
    "updated_at": "2025-08-26T14:21:54.867267"
  },
  {
    "id_municipio": 5493,
    "cd_mun": "3301504",
    "nm_mun": "Cordeiro",
    "cd_rgi": "330008",
    "nm_rgi": "Nova Friburgo",
    "cd_rgint": "3303",
    "nm_rgint": "Petrópolis",
    "cd_uf": "33",
    "nm_uf": "Rio de Janeiro",
    "sigla_uf": "RJ",
    "cd_regia": "3",
    "nm_regia": "Sudeste",
    "sigla_rg": "SE",
    "cd_concu": null,
    "nm_concu": null,
    "area_km2": 113.048,
    "created_at": "2025-08-26T14:33:28.234007",
    "updated_at": "2025-08-26T14:33:28.234007"
  },
  {
    "id_municipio": 503,
    "cd_mun": "3301603",
    "nm_mun": "Duas Barras",
    "cd_rgi": "330008",
    "nm_rgi": "Nova Friburgo",
    "cd_rgint": "3303",
    "nm_rgint": "Petrópolis",
    "cd_uf": "33",
    "nm_uf": "Rio de Janeiro",
    "sigla_uf": "RJ",
    "cd_regia": "3",
    "nm_regia": "Sudeste",
    "sigla_rg": "SE",
    "cd_concu": null,
    "nm_concu": null,
    "area_km2": 379.619,
    "created_at": "2025-08-26T14:18:30.386240",
    "updated_at": "2025-08-26T14:18:30.386240"
  },
  {
    "id_municipio": 3982,
    "cd_mun": "3301702",
    "nm_mun": "Duque de Caxias",
    "cd_rgi": "330001",
    "nm_rgi": "Rio de Janeiro",
    "cd_rgint": "3301",
    "nm_rgint": "Rio de Janeiro",
    "cd_uf": "33",
    "nm_uf": "Rio de Janeiro",
    "sigla_uf": "RJ",
    "cd_regia": "3",
    "nm_regia": "Sudeste",
    "sigla_rg": "SE",
    "cd_concu": "3304557",
    "nm_concu": "Rio de Janeiro/RJ",
    "area_km2": 467.319,
    "created_at": "2025-08-26T14:28:39.681185",
    "updated_at": "2025-08-26T14:28:39.681185"
  },
  {
    "id_municipio": 4563,
    "cd_mun": "3301801",
    "nm_mun": "Engenheiro Paulo de Frontin",
    "cd_rgi": "330004",
    "nm_rgi": "Volta Redonda - Barra Mansa",
    "cd_rgint": "3302",
    "nm_rgint": "Volta Redonda - Barra Mansa",
    "cd_uf": "33",
    "nm_uf": "Rio de Janeiro",
    "sigla_uf": "RJ",
    "cd_regia": "3",
    "nm_regia": "Sudeste",
    "sigla_rg": "SE",
    "cd_concu": null,
    "nm_concu": null,
    "area_km2": 139.381,
    "created_at": "2025-08-26T14:31:56.583430",
    "updated_at": "2025-08-26T14:31:56.583430"
  },
  {
    "id_municipio": 4766,
    "cd_mun": "3301850",
    "nm_mun": "Guapimirim",
    "cd_rgi": "330001",
    "nm_rgi": "Rio de Janeiro",
    "cd_rgint": "3301",
    "nm_rgint": "Rio de Janeiro",
    "cd_uf": "33",
    "nm_uf": "Rio de Janeiro",
    "sigla_uf": "RJ",
    "cd_regia": "3",
    "nm_regia": "Sudeste",
    "sigla_rg": "SE",
    "cd_concu": "3304557",
    "nm_concu": "Rio de Janeiro/RJ",
    "area_km2": 358.443,
    "created_at": "2025-08-26T14:31:56.583430",
    "updated_at": "2025-08-26T14:31:56.583430"
  },
  {
    "id_municipio": 4721,
    "cd_mun": "3301876",
    "nm_mun": "Iguaba Grande",
    "cd_rgi": "330013",
    "nm_rgi": "Cabo Frio",
    "cd_rgint": "3305",
    "nm_rgint": "Macaé - Rio das Ostras - Cabo Frio",
    "cd_uf": "33",
    "nm_uf": "Rio de Janeiro",
    "sigla_uf": "RJ",
    "cd_regia": "3",
    "nm_regia": "Sudeste",
    "sigla_rg": "SE",
    "cd_concu": "3300209",
    "nm_concu": "Araruama/RJ",
    "area_km2": 50.977,
    "created_at": "2025-08-26T14:31:56.583430",
    "updated_at": "2025-08-26T14:31:56.583430"
  },
  {
    "id_municipio": 2522,
    "cd_mun": "3301900",
    "nm_mun": "Itaboraí",
    "cd_rgi": "330001",
    "nm_rgi": "Rio de Janeiro",
    "cd_rgint": "3301",
    "nm_rgint": "Rio de Janeiro",
    "cd_uf": "33",
    "nm_uf": "Rio de Janeiro",
    "sigla_uf": "RJ",
    "cd_regia": "3",
    "nm_regia": "Sudeste",
    "sigla_rg": "SE",
    "cd_concu": "3304557",
    "nm_concu": "Rio de Janeiro/RJ",
    "area_km2": 429.961,
    "created_at": "2025-08-26T14:25:16.599609",
    "updated_at": "2025-08-26T14:25:16.599609"
  },
  {
    "id_municipio": 4421,
    "cd_mun": "3302007",
    "nm_mun": "Itaguaí",
    "cd_rgi": "330001",
    "nm_rgi": "Rio de Janeiro",
    "cd_rgint": "3301",
    "nm_rgint": "Rio de Janeiro",
    "cd_uf": "33",
    "nm_uf": "Rio de Janeiro",
    "sigla_uf": "RJ",
    "cd_regia": "3",
    "nm_regia": "Sudeste",
    "sigla_rg": "SE",
    "cd_concu": "3304557",
    "nm_concu": "Rio de Janeiro/RJ",
    "area_km2": 282.607,
    "created_at": "2025-08-26T14:30:16.147650",
    "updated_at": "2025-08-26T14:30:16.147650"
  },
  {
    "id_municipio": 4547,
    "cd_mun": "3302056",
    "nm_mun": "Italva",
    "cd_rgi": "330010",
    "nm_rgi": "Campos dos Goytacazes",
    "cd_rgint": "3304",
    "nm_rgint": "Campos dos Goytacazes",
    "cd_uf": "33",
    "nm_uf": "Rio de Janeiro",
    "sigla_uf": "RJ",
    "cd_regia": "3",
    "nm_regia": "Sudeste",
    "sigla_rg": "SE",
    "cd_concu": null,
    "nm_concu": null,
    "area_km2": 291.193,
    "created_at": "2025-08-26T14:31:56.583430",
    "updated_at": "2025-08-26T14:31:56.583430"
  },
  {
    "id_municipio": 2385,
    "cd_mun": "3302106",
    "nm_mun": "Itaocara",
    "cd_rgi": "330012",
    "nm_rgi": "Santo Antônio de Pádua",
    "cd_rgint": "3304",
    "nm_rgint": "Campos dos Goytacazes",
    "cd_uf": "33",
    "nm_uf": "Rio de Janeiro",
    "sigla_uf": "RJ",
    "cd_regia": "3",
    "nm_regia": "Sudeste",
    "sigla_rg": "SE",
    "cd_concu": null,
    "nm_concu": null,
    "area_km2": 433.182,
    "created_at": "2025-08-26T14:23:37.304089",
    "updated_at": "2025-08-26T14:23:37.304089"
  },
  {
    "id_municipio": 2944,
    "cd_mun": "3302205",
    "nm_mun": "Itaperuna",
    "cd_rgi": "330011",
    "nm_rgi": "Itaperuna",
    "cd_rgint": "3304",
    "nm_rgint": "Campos dos Goytacazes",
    "cd_uf": "33",
    "nm_uf": "Rio de Janeiro",
    "sigla_uf": "RJ",
    "cd_regia": "3",
    "nm_regia": "Sudeste",
    "sigla_rg": "SE",
    "cd_concu": null,
    "nm_concu": null,
    "area_km2": 1106.694,
    "created_at": "2025-08-26T14:25:16.599609",
    "updated_at": "2025-08-26T14:25:16.599609"
  },
  {
    "id_municipio": 3061,
    "cd_mun": "3302254",
    "nm_mun": "Itatiaia",
    "cd_rgi": "330005",
    "nm_rgi": "Resende",
    "cd_rgint": "3302",
    "nm_rgint": "Volta Redonda - Barra Mansa",
    "cd_uf": "33",
    "nm_uf": "Rio de Janeiro",
    "sigla_uf": "RJ",
    "cd_regia": "3",
    "nm_regia": "Sudeste",
    "sigla_rg": "SE",
    "cd_concu": "3304201",
    "nm_concu": "Resende/RJ",
    "area_km2": 241.035,
    "created_at": "2025-08-26T14:26:59.412073",
    "updated_at": "2025-08-26T14:26:59.412073"
  },
  {
    "id_municipio": 3196,
    "cd_mun": "3302270",
    "nm_mun": "Japeri",
    "cd_rgi": "330001",
    "nm_rgi": "Rio de Janeiro",
    "cd_rgint": "3301",
    "nm_rgint": "Rio de Janeiro",
    "cd_uf": "33",
    "nm_uf": "Rio de Janeiro",
    "sigla_uf": "RJ",
    "cd_regia": "3",
    "nm_regia": "Sudeste",
    "sigla_rg": "SE",
    "cd_concu": "3304557",
    "nm_concu": "Rio de Janeiro/RJ",
    "area_km2": 81.697,
    "created_at": "2025-08-26T14:26:59.412073",
    "updated_at": "2025-08-26T14:26:59.412073"
  },
  {
    "id_municipio": 3647,
    "cd_mun": "3302304",
    "nm_mun": "Laje do Muriaé",
    "cd_rgi": "330011",
    "nm_rgi": "Itaperuna",
    "cd_rgint": "3304",
    "nm_rgint": "Campos dos Goytacazes",
    "cd_uf": "33",
    "nm_uf": "Rio de Janeiro",
    "sigla_uf": "RJ",
    "cd_regia": "3",
    "nm_regia": "Sudeste",
    "sigla_rg": "SE",
    "cd_concu": null,
    "nm_concu": null,
    "area_km2": 253.53,
    "created_at": "2025-08-26T14:28:39.681185",
    "updated_at": "2025-08-26T14:28:39.681185"
  },
  {
    "id_municipio": 1430,
    "cd_mun": "3302403",
    "nm_mun": "Macaé",
    "cd_rgi": "330014",
    "nm_rgi": "Macaé - Rio das Ostras",
    "cd_rgint": "3305",
    "nm_rgint": "Macaé - Rio das Ostras - Cabo Frio",
    "cd_uf": "33",
    "nm_uf": "Rio de Janeiro",
    "sigla_uf": "RJ",
    "cd_regia": "3",
    "nm_regia": "Sudeste",
    "sigla_rg": "SE",
    "cd_concu": "3302403",
    "nm_concu": "Macaé - Rio das Ostras/RJ",
    "area_km2": 1216.989,
    "created_at": "2025-08-26T14:20:11.646400",
    "updated_at": "2025-08-26T14:20:11.646400"
  },
  {
    "id_municipio": 1539,
    "cd_mun": "3302452",
    "nm_mun": "Macuco",
    "cd_rgi": "330008",
    "nm_rgi": "Nova Friburgo",
    "cd_rgint": "3303",
    "nm_rgint": "Petrópolis",
    "cd_uf": "33",
    "nm_uf": "Rio de Janeiro",
    "sigla_uf": "RJ",
    "cd_regia": "3",
    "nm_regia": "Sudeste",
    "sigla_rg": "SE",
    "cd_concu": null,
    "nm_concu": null,
    "area_km2": 78.364,
    "created_at": "2025-08-26T14:21:54.867267",
    "updated_at": "2025-08-26T14:21:54.867267"
  },
  {
    "id_municipio": 2205,
    "cd_mun": "3302502",
    "nm_mun": "Magé",
    "cd_rgi": "330001",
    "nm_rgi": "Rio de Janeiro",
    "cd_rgint": "3301",
    "nm_rgint": "Rio de Janeiro",
    "cd_uf": "33",
    "nm_uf": "Rio de Janeiro",
    "sigla_uf": "RJ",
    "cd_regia": "3",
    "nm_regia": "Sudeste",
    "sigla_rg": "SE",
    "cd_concu": "3304557",
    "nm_concu": "Rio de Janeiro/RJ",
    "area_km2": 390.775,
    "created_at": "2025-08-26T14:23:37.304089",
    "updated_at": "2025-08-26T14:23:37.304089"
  },
  {
    "id_municipio": 26,
    "cd_mun": "3302601",
    "nm_mun": "Mangaratiba",
    "cd_rgi": "330001",
    "nm_rgi": "Rio de Janeiro",
    "cd_rgint": "3301",
    "nm_rgint": "Rio de Janeiro",
    "cd_uf": "33",
    "nm_uf": "Rio de Janeiro",
    "sigla_uf": "RJ",
    "cd_regia": "3",
    "nm_regia": "Sudeste",
    "sigla_rg": "SE",
    "cd_concu": "3304557",
    "nm_concu": "Rio de Janeiro/RJ",
    "area_km2": 367.606,
    "created_at": "2025-08-26T14:16:49.632282",
    "updated_at": "2025-08-26T14:16:49.632282"
  },
  {
    "id_municipio": 754,
    "cd_mun": "3302700",
    "nm_mun": "Maricá",
    "cd_rgi": "330001",
    "nm_rgi": "Rio de Janeiro",
    "cd_rgint": "3301",
    "nm_rgint": "Rio de Janeiro",
    "cd_uf": "33",
    "nm_uf": "Rio de Janeiro",
    "sigla_uf": "RJ",
    "cd_regia": "3",
    "nm_regia": "Sudeste",
    "sigla_rg": "SE",
    "cd_concu": "3304557",
    "nm_concu": "Rio de Janeiro/RJ",
    "area_km2": 361.572,
    "created_at": "2025-08-26T14:18:30.386240",
    "updated_at": "2025-08-26T14:18:30.386240"
  },
  {
    "id_municipio": 4084,
    "cd_mun": "3302809",
    "nm_mun": "Mendes",
    "cd_rgi": "330004",
    "nm_rgi": "Volta Redonda - Barra Mansa",
    "cd_rgint": "3302",
    "nm_rgint": "Volta Redonda - Barra Mansa",
    "cd_uf": "33",
    "nm_uf": "Rio de Janeiro",
    "sigla_uf": "RJ",
    "cd_regia": "3",
    "nm_regia": "Sudeste",
    "sigla_rg": "SE",
    "cd_concu": null,
    "nm_concu": null,
    "area_km2": 95.324,
    "created_at": "2025-08-26T14:30:16.147650",
    "updated_at": "2025-08-26T14:30:16.147650"
  },
  {
    "id_municipio": 4191,
    "cd_mun": "3302858",
    "nm_mun": "Mesquita",
    "cd_rgi": "330001",
    "nm_rgi": "Rio de Janeiro",
    "cd_rgint": "3301",
    "nm_rgint": "Rio de Janeiro",
    "cd_uf": "33",
    "nm_uf": "Rio de Janeiro",
    "sigla_uf": "RJ",
    "cd_regia": "3",
    "nm_regia": "Sudeste",
    "sigla_rg": "SE",
    "cd_concu": "3304557",
    "nm_concu": "Rio de Janeiro/RJ",
    "area_km2": 41.169,
    "created_at": "2025-08-26T14:30:16.147650",
    "updated_at": "2025-08-26T14:30:16.147650"
  },
  {
    "id_municipio": 4836,
    "cd_mun": "3302908",
    "nm_mun": "Miguel Pereira",
    "cd_rgi": "330006",
    "nm_rgi": "Valença",
    "cd_rgint": "3302",
    "nm_rgint": "Volta Redonda - Barra Mansa",
    "cd_uf": "33",
    "nm_uf": "Rio de Janeiro",
    "sigla_uf": "RJ",
    "cd_regia": "3",
    "nm_regia": "Sudeste",
    "sigla_rg": "SE",
    "cd_concu": null,
    "nm_concu": null,
    "area_km2": 287.933,
    "created_at": "2025-08-26T14:31:56.583430",
    "updated_at": "2025-08-26T14:31:56.583430"
  },
  {
    "id_municipio": 5314,
    "cd_mun": "3303005",
    "nm_mun": "Miracema",
    "cd_rgi": "330012",
    "nm_rgi": "Santo Antônio de Pádua",
    "cd_rgint": "3304",
    "nm_rgint": "Campos dos Goytacazes",
    "cd_uf": "33",
    "nm_uf": "Rio de Janeiro",
    "sigla_uf": "RJ",
    "cd_regia": "3",
    "nm_regia": "Sudeste",
    "sigla_rg": "SE",
    "cd_concu": null,
    "nm_concu": null,
    "area_km2": 303.27,
    "created_at": "2025-08-26T14:33:28.234007",
    "updated_at": "2025-08-26T14:33:28.234007"
  },
  {
    "id_municipio": 325,
    "cd_mun": "3303104",
    "nm_mun": "Natividade",
    "cd_rgi": "330011",
    "nm_rgi": "Itaperuna",
    "cd_rgint": "3304",
    "nm_rgint": "Campos dos Goytacazes",
    "cd_uf": "33",
    "nm_uf": "Rio de Janeiro",
    "sigla_uf": "RJ",
    "cd_regia": "3",
    "nm_regia": "Sudeste",
    "sigla_rg": "SE",
    "cd_concu": null,
    "nm_concu": null,
    "area_km2": 387.073,
    "created_at": "2025-08-26T14:16:49.632282",
    "updated_at": "2025-08-26T14:16:49.632282"
  },
  {
    "id_municipio": 3835,
    "cd_mun": "3303203",
    "nm_mun": "Nilópolis",
    "cd_rgi": "330001",
    "nm_rgi": "Rio de Janeiro",
    "cd_rgint": "3301",
    "nm_rgint": "Rio de Janeiro",
    "cd_uf": "33",
    "nm_uf": "Rio de Janeiro",
    "sigla_uf": "RJ",
    "cd_regia": "3",
    "nm_regia": "Sudeste",
    "sigla_rg": "SE",
    "cd_concu": "3304557",
    "nm_concu": "Rio de Janeiro/RJ",
    "area_km2": 19.393,
    "created_at": "2025-08-26T14:28:39.681185",
    "updated_at": "2025-08-26T14:28:39.681185"
  },
  {
    "id_municipio": 4404,
    "cd_mun": "3303302",
    "nm_mun": "Niterói",
    "cd_rgi": "330001",
    "nm_rgi": "Rio de Janeiro",
    "cd_rgint": "3301",
    "nm_rgint": "Rio de Janeiro",
    "cd_uf": "33",
    "nm_uf": "Rio de Janeiro",
    "sigla_uf": "RJ",
    "cd_regia": "3",
    "nm_regia": "Sudeste",
    "sigla_rg": "SE",
    "cd_concu": "3304557",
    "nm_concu": "Rio de Janeiro/RJ",
    "area_km2": 133.757,
    "created_at": "2025-08-26T14:30:16.147650",
    "updated_at": "2025-08-26T14:30:16.147650"
  },
  {
    "id_municipio": 5139,
    "cd_mun": "3303401",
    "nm_mun": "Nova Friburgo",
    "cd_rgi": "330008",
    "nm_rgi": "Nova Friburgo",
    "cd_rgint": "3303",
    "nm_rgint": "Petrópolis",
    "cd_uf": "33",
    "nm_uf": "Rio de Janeiro",
    "sigla_uf": "RJ",
    "cd_regia": "3",
    "nm_regia": "Sudeste",
    "sigla_rg": "SE",
    "cd_concu": "3303401",
    "nm_concu": "Nova Friburgo",
    "area_km2": 935.429,
    "created_at": "2025-08-26T14:33:28.234007",
    "updated_at": "2025-08-26T14:33:28.234007"
  },
  {
    "id_municipio": 2926,
    "cd_mun": "3303500",
    "nm_mun": "Nova Iguaçu",
    "cd_rgi": "330001",
    "nm_rgi": "Rio de Janeiro",
    "cd_rgint": "3301",
    "nm_rgint": "Rio de Janeiro",
    "cd_uf": "33",
    "nm_uf": "Rio de Janeiro",
    "sigla_uf": "RJ",
    "cd_regia": "3",
    "nm_regia": "Sudeste",
    "sigla_rg": "SE",
    "cd_concu": "3304557",
    "nm_concu": "Rio de Janeiro/RJ",
    "area_km2": 520.581,
    "created_at": "2025-08-26T14:25:16.599609",
    "updated_at": "2025-08-26T14:25:16.599609"
  },
  {
    "id_municipio": 3611,
    "cd_mun": "3303609",
    "nm_mun": "Paracambi",
    "cd_rgi": "330001",
    "nm_rgi": "Rio de Janeiro",
    "cd_rgint": "3301",
    "nm_rgint": "Rio de Janeiro",
    "cd_uf": "33",
    "nm_uf": "Rio de Janeiro",
    "sigla_uf": "RJ",
    "cd_regia": "3",
    "nm_regia": "Sudeste",
    "sigla_rg": "SE",
    "cd_concu": "3304557",
    "nm_concu": "Rio de Janeiro/RJ",
    "area_km2": 190.949,
    "created_at": "2025-08-26T14:28:39.681185",
    "updated_at": "2025-08-26T14:28:39.681185"
  },
  {
    "id_municipio": 1400,
    "cd_mun": "3303708",
    "nm_mun": "Paraíba do Sul",
    "cd_rgi": "330009",
    "nm_rgi": "Três Rios - Paraíba do Sul",
    "cd_rgint": "3303",
    "nm_rgint": "Petrópolis",
    "cd_uf": "33",
    "nm_uf": "Rio de Janeiro",
    "sigla_uf": "RJ",
    "cd_regia": "3",
    "nm_regia": "Sudeste",
    "sigla_rg": "SE",
    "cd_concu": "3306008",
    "nm_concu": "Três Rios - Paraíba do Sul/RJ",
    "area_km2": 571.117,
    "created_at": "2025-08-26T14:20:11.646400",
    "updated_at": "2025-08-26T14:20:11.646400"
  },
  {
    "id_municipio": 2164,
    "cd_mun": "3303807",
    "nm_mun": "Paraty",
    "cd_rgi": "330002",
    "nm_rgi": "Angra dos Reis",
    "cd_rgint": "3301",
    "nm_rgint": "Rio de Janeiro",
    "cd_uf": "33",
    "nm_uf": "Rio de Janeiro",
    "sigla_uf": "RJ",
    "cd_regia": "3",
    "nm_regia": "Sudeste",
    "sigla_rg": "SE",
    "cd_concu": null,
    "nm_concu": null,
    "area_km2": 924.296,
    "created_at": "2025-08-26T14:23:37.304089",
    "updated_at": "2025-08-26T14:23:37.304089"
  },
  {
    "id_municipio": 2210,
    "cd_mun": "3303856",
    "nm_mun": "Paty do Alferes",
    "cd_rgi": "330006",
    "nm_rgi": "Valença",
    "cd_rgint": "3302",
    "nm_rgint": "Volta Redonda - Barra Mansa",
    "cd_uf": "33",
    "nm_uf": "Rio de Janeiro",
    "sigla_uf": "RJ",
    "cd_regia": "3",
    "nm_regia": "Sudeste",
    "sigla_rg": "SE",
    "cd_concu": null,
    "nm_concu": null,
    "area_km2": 314.341,
    "created_at": "2025-08-26T14:23:37.304089",
    "updated_at": "2025-08-26T14:23:37.304089"
  },
  {
    "id_municipio": 5558,
    "cd_mun": "3303906",
    "nm_mun": "Petrópolis",
    "cd_rgi": "330007",
    "nm_rgi": "Petrópolis",
    "cd_rgint": "3303",
    "nm_rgint": "Petrópolis",
    "cd_uf": "33",
    "nm_uf": "Rio de Janeiro",
    "sigla_uf": "RJ",
    "cd_regia": "3",
    "nm_regia": "Sudeste",
    "sigla_rg": "SE",
    "cd_concu": "3303906",
    "nm_concu": "Petrópolis/RJ",
    "area_km2": 791.144,
    "created_at": "2025-08-26T14:35:19.138031",
    "updated_at": "2025-08-26T14:35:19.138031"
  },
  {
    "id_municipio": 195,
    "cd_mun": "3303955",
    "nm_mun": "Pinheiral",
    "cd_rgi": "330004",
    "nm_rgi": "Volta Redonda - Barra Mansa",
    "cd_rgint": "3302",
    "nm_rgint": "Volta Redonda - Barra Mansa",
    "cd_uf": "33",
    "nm_uf": "Rio de Janeiro",
    "sigla_uf": "RJ",
    "cd_regia": "3",
    "nm_regia": "Sudeste",
    "sigla_rg": "SE",
    "cd_concu": "3306305",
    "nm_concu": "Volta Redonda - Barra Mansa/RJ",
    "area_km2": 82.254,
    "created_at": "2025-08-26T14:16:49.632282",
    "updated_at": "2025-08-26T14:16:49.632282"
  },
  {
    "id_municipio": 3162,
    "cd_mun": "3304003",
    "nm_mun": "Piraí",
    "cd_rgi": "330004",
    "nm_rgi": "Volta Redonda - Barra Mansa",
    "cd_rgint": "3302",
    "nm_rgint": "Volta Redonda - Barra Mansa",
    "cd_uf": "33",
    "nm_uf": "Rio de Janeiro",
    "sigla_uf": "RJ",
    "cd_regia": "3",
    "nm_regia": "Sudeste",
    "sigla_rg": "SE",
    "cd_concu": null,
    "nm_concu": null,
    "area_km2": 490.255,
    "created_at": "2025-08-26T14:26:59.412073",
    "updated_at": "2025-08-26T14:26:59.412073"
  },
  {
    "id_municipio": 929,
    "cd_mun": "3304102",
    "nm_mun": "Porciúncula",
    "cd_rgi": "330011",
    "nm_rgi": "Itaperuna",
    "cd_rgint": "3304",
    "nm_rgint": "Campos dos Goytacazes",
    "cd_uf": "33",
    "nm_uf": "Rio de Janeiro",
    "sigla_uf": "RJ",
    "cd_regia": "3",
    "nm_regia": "Sudeste",
    "sigla_rg": "SE",
    "cd_concu": null,
    "nm_concu": null,
    "area_km2": 291.847,
    "created_at": "2025-08-26T14:18:30.386240",
    "updated_at": "2025-08-26T14:18:30.386240"
  },
  {
    "id_municipio": 945,
    "cd_mun": "3304110",
    "nm_mun": "Porto Real",
    "cd_rgi": "330005",
    "nm_rgi": "Resende",
    "cd_rgint": "3302",
    "nm_rgint": "Volta Redonda - Barra Mansa",
    "cd_uf": "33",
    "nm_uf": "Rio de Janeiro",
    "sigla_uf": "RJ",
    "cd_regia": "3",
    "nm_regia": "Sudeste",
    "sigla_rg": "SE",
    "cd_concu": "3304201",
    "nm_concu": "Resende/RJ",
    "area_km2": 50.892,
    "created_at": "2025-08-26T14:18:30.386240",
    "updated_at": "2025-08-26T14:18:30.386240"
  },
  {
    "id_municipio": 1063,
    "cd_mun": "3304128",
    "nm_mun": "Quatis",
    "cd_rgi": "330005",
    "nm_rgi": "Resende",
    "cd_rgint": "3302",
    "nm_rgint": "Volta Redonda - Barra Mansa",
    "cd_uf": "33",
    "nm_uf": "Rio de Janeiro",
    "sigla_uf": "RJ",
    "cd_regia": "3",
    "nm_regia": "Sudeste",
    "sigla_rg": "SE",
    "cd_concu": "3304201",
    "nm_concu": "Resende/RJ",
    "area_km2": 284.826,
    "created_at": "2025-08-26T14:20:11.646400",
    "updated_at": "2025-08-26T14:20:11.646400"
  },
  {
    "id_municipio": 1010,
    "cd_mun": "3304144",
    "nm_mun": "Queimados",
    "cd_rgi": "330001",
    "nm_rgi": "Rio de Janeiro",
    "cd_rgint": "3301",
    "nm_rgint": "Rio de Janeiro",
    "cd_uf": "33",
    "nm_uf": "Rio de Janeiro",
    "sigla_uf": "RJ",
    "cd_regia": "3",
    "nm_regia": "Sudeste",
    "sigla_rg": "SE",
    "cd_concu": "3304557",
    "nm_concu": "Rio de Janeiro/RJ",
    "area_km2": 75.927,
    "created_at": "2025-08-26T14:20:11.646400",
    "updated_at": "2025-08-26T14:20:11.646400"
  },
  {
    "id_municipio": 1040,
    "cd_mun": "3304151",
    "nm_mun": "Quissamã",
    "cd_rgi": "330014",
    "nm_rgi": "Macaé - Rio das Ostras",
    "cd_rgint": "3305",
    "nm_rgint": "Macaé - Rio das Ostras - Cabo Frio",
    "cd_uf": "33",
    "nm_uf": "Rio de Janeiro",
    "sigla_uf": "RJ",
    "cd_regia": "3",
    "nm_regia": "Sudeste",
    "sigla_rg": "SE",
    "cd_concu": null,
    "nm_concu": null,
    "area_km2": 719.643,
    "created_at": "2025-08-26T14:20:11.646400",
    "updated_at": "2025-08-26T14:20:11.646400"
  },
  {
    "id_municipio": 1650,
    "cd_mun": "3304201",
    "nm_mun": "Resende",
    "cd_rgi": "330005",
    "nm_rgi": "Resende",
    "cd_rgint": "3302",
    "nm_rgint": "Volta Redonda - Barra Mansa",
    "cd_uf": "33",
    "nm_uf": "Rio de Janeiro",
    "sigla_uf": "RJ",
    "cd_regia": "3",
    "nm_regia": "Sudeste",
    "sigla_rg": "SE",
    "cd_concu": "3304201",
    "nm_concu": "Resende/RJ",
    "area_km2": 1099.336,
    "created_at": "2025-08-26T14:21:54.867267",
    "updated_at": "2025-08-26T14:21:54.867267"
  },
  {
    "id_municipio": 5030,
    "cd_mun": "3304300",
    "nm_mun": "Rio Bonito",
    "cd_rgi": "330003",
    "nm_rgi": "Rio Bonito",
    "cd_rgint": "3301",
    "nm_rgint": "Rio de Janeiro",
    "cd_uf": "33",
    "nm_uf": "Rio de Janeiro",
    "sigla_uf": "RJ",
    "cd_regia": "3",
    "nm_regia": "Sudeste",
    "sigla_rg": "SE",
    "cd_concu": null,
    "nm_concu": null,
    "area_km2": 459.458,
    "created_at": "2025-08-26T14:33:28.234007",
    "updated_at": "2025-08-26T14:33:28.234007"
  },
  {
    "id_municipio": 204,
    "cd_mun": "3304409",
    "nm_mun": "Rio Claro",
    "cd_rgi": "330004",
    "nm_rgi": "Volta Redonda - Barra Mansa",
    "cd_rgint": "3302",
    "nm_rgint": "Volta Redonda - Barra Mansa",
    "cd_uf": "33",
    "nm_uf": "Rio de Janeiro",
    "sigla_uf": "RJ",
    "cd_regia": "3",
    "nm_regia": "Sudeste",
    "sigla_rg": "SE",
    "cd_concu": null,
    "nm_concu": null,
    "area_km2": 846.797,
    "created_at": "2025-08-26T14:16:49.632282",
    "updated_at": "2025-08-26T14:16:49.632282"
  },
  {
    "id_municipio": 769,
    "cd_mun": "3304508",
    "nm_mun": "Rio das Flores",
    "cd_rgi": "330006",
    "nm_rgi": "Valença",
    "cd_rgint": "3302",
    "nm_rgint": "Volta Redonda - Barra Mansa",
    "cd_uf": "33",
    "nm_uf": "Rio de Janeiro",
    "sigla_uf": "RJ",
    "cd_regia": "3",
    "nm_regia": "Sudeste",
    "sigla_rg": "SE",
    "cd_concu": null,
    "nm_concu": null,
    "area_km2": 478.783,
    "created_at": "2025-08-26T14:18:30.386240",
    "updated_at": "2025-08-26T14:18:30.386240"
  },
  {
    "id_municipio": 3660,
    "cd_mun": "3304524",
    "nm_mun": "Rio das Ostras",
    "cd_rgi": "330014",
    "nm_rgi": "Macaé - Rio das Ostras",
    "cd_rgint": "3305",
    "nm_rgint": "Macaé - Rio das Ostras - Cabo Frio",
    "cd_uf": "33",
    "nm_uf": "Rio de Janeiro",
    "sigla_uf": "RJ",
    "cd_regia": "3",
    "nm_regia": "Sudeste",
    "sigla_rg": "SE",
    "cd_concu": "3302403",
    "nm_concu": "Macaé - Rio das Ostras/RJ",
    "area_km2": 228.044,
    "created_at": "2025-08-26T14:28:39.681185",
    "updated_at": "2025-08-26T14:28:39.681185"
  },
  {
    "id_municipio": 3631,
    "cd_mun": "3304557",
    "nm_mun": "Rio de Janeiro",
    "cd_rgi": "330001",
    "nm_rgi": "Rio de Janeiro",
    "cd_rgint": "3301",
    "nm_rgint": "Rio de Janeiro",
    "cd_uf": "33",
    "nm_uf": "Rio de Janeiro",
    "sigla_uf": "RJ",
    "cd_regia": "3",
    "nm_regia": "Sudeste",
    "sigla_rg": "SE",
    "cd_concu": "3304557",
    "nm_concu": "Rio de Janeiro/RJ",
    "area_km2": 1200.33,
    "created_at": "2025-08-26T14:28:39.681185",
    "updated_at": "2025-08-26T14:28:39.681185"
  },
  {
    "id_municipio": 4285,
    "cd_mun": "3304607",
    "nm_mun": "Santa Maria Madalena",
    "cd_rgi": "330008",
    "nm_rgi": "Nova Friburgo",
    "cd_rgint": "3303",
    "nm_rgint": "Petrópolis",
    "cd_uf": "33",
    "nm_uf": "Rio de Janeiro",
    "sigla_uf": "RJ",
    "cd_regia": "3",
    "nm_regia": "Sudeste",
    "sigla_rg": "SE",
    "cd_concu": null,
    "nm_concu": null,
    "area_km2": 810.963,
    "created_at": "2025-08-26T14:30:16.147650",
    "updated_at": "2025-08-26T14:30:16.147650"
  },
  {
    "id_municipio": 4854,
    "cd_mun": "3304706",
    "nm_mun": "Santo Antônio de Pádua",
    "cd_rgi": "330012",
    "nm_rgi": "Santo Antônio de Pádua",
    "cd_rgint": "3304",
    "nm_rgint": "Campos dos Goytacazes",
    "cd_uf": "33",
    "nm_uf": "Rio de Janeiro",
    "sigla_uf": "RJ",
    "cd_regia": "3",
    "nm_regia": "Sudeste",
    "sigla_rg": "SE",
    "cd_concu": null,
    "nm_concu": null,
    "area_km2": 603.633,
    "created_at": "2025-08-26T14:31:56.583430",
    "updated_at": "2025-08-26T14:31:56.583430"
  },
  {
    "id_municipio": 2806,
    "cd_mun": "3304805",
    "nm_mun": "São Fidélis",
    "cd_rgi": "330010",
    "nm_rgi": "Campos dos Goytacazes",
    "cd_rgint": "3304",
    "nm_rgint": "Campos dos Goytacazes",
    "cd_uf": "33",
    "nm_uf": "Rio de Janeiro",
    "sigla_uf": "RJ",
    "cd_regia": "3",
    "nm_regia": "Sudeste",
    "sigla_rg": "SE",
    "cd_concu": null,
    "nm_concu": null,
    "area_km2": 1034.833,
    "created_at": "2025-08-26T14:25:16.599609",
    "updated_at": "2025-08-26T14:25:16.599609"
  },
  {
    "id_municipio": 4970,
    "cd_mun": "3304755",
    "nm_mun": "São Francisco de Itabapoana",
    "cd_rgi": "330010",
    "nm_rgi": "Campos dos Goytacazes",
    "cd_rgint": "3304",
    "nm_rgint": "Campos dos Goytacazes",
    "cd_uf": "33",
    "nm_uf": "Rio de Janeiro",
    "sigla_uf": "RJ",
    "cd_regia": "3",
    "nm_regia": "Sudeste",
    "sigla_rg": "SE",
    "cd_concu": null,
    "nm_concu": null,
    "area_km2": 1118.037,
    "created_at": "2025-08-26T14:31:56.583430",
    "updated_at": "2025-08-26T14:31:56.583430"
  },
  {
    "id_municipio": 3368,
    "cd_mun": "3304904",
    "nm_mun": "São Gonçalo",
    "cd_rgi": "330001",
    "nm_rgi": "Rio de Janeiro",
    "cd_rgint": "3301",
    "nm_rgint": "Rio de Janeiro",
    "cd_uf": "33",
    "nm_uf": "Rio de Janeiro",
    "sigla_uf": "RJ",
    "cd_regia": "3",
    "nm_regia": "Sudeste",
    "sigla_rg": "SE",
    "cd_concu": "3304557",
    "nm_concu": "Rio de Janeiro/RJ",
    "area_km2": 248.16,
    "created_at": "2025-08-26T14:26:59.412073",
    "updated_at": "2025-08-26T14:26:59.412073"
  },
  {
    "id_municipio": 3852,
    "cd_mun": "3305000",
    "nm_mun": "São João da Barra",
    "cd_rgi": "330010",
    "nm_rgi": "Campos dos Goytacazes",
    "cd_rgint": "3304",
    "nm_rgint": "Campos dos Goytacazes",
    "cd_uf": "33",
    "nm_uf": "Rio de Janeiro",
    "sigla_uf": "RJ",
    "cd_regia": "3",
    "nm_regia": "Sudeste",
    "sigla_rg": "SE",
    "cd_concu": "3301009",
    "nm_concu": "Campos dos Goytacazes/RJ",
    "area_km2": 452.396,
    "created_at": "2025-08-26T14:28:39.681185",
    "updated_at": "2025-08-26T14:28:39.681185"
  },
  {
    "id_municipio": 4608,
    "cd_mun": "3305109",
    "nm_mun": "São João de Meriti",
    "cd_rgi": "330001",
    "nm_rgi": "Rio de Janeiro",
    "cd_rgint": "3301",
    "nm_rgint": "Rio de Janeiro",
    "cd_uf": "33",
    "nm_uf": "Rio de Janeiro",
    "sigla_uf": "RJ",
    "cd_regia": "3",
    "nm_regia": "Sudeste",
    "sigla_rg": "SE",
    "cd_concu": "3304557",
    "nm_concu": "Rio de Janeiro/RJ",
    "area_km2": 35.216,
    "created_at": "2025-08-26T14:31:56.583430",
    "updated_at": "2025-08-26T14:31:56.583430"
  },
  {
    "id_municipio": 4681,
    "cd_mun": "3305133",
    "nm_mun": "São José de Ubá",
    "cd_rgi": "330011",
    "nm_rgi": "Itaperuna",
    "cd_rgint": "3304",
    "nm_rgint": "Campos dos Goytacazes",
    "cd_uf": "33",
    "nm_uf": "Rio de Janeiro",
    "sigla_uf": "RJ",
    "cd_regia": "3",
    "nm_regia": "Sudeste",
    "sigla_rg": "SE",
    "cd_concu": null,
    "nm_concu": null,
    "area_km2": 249.688,
    "created_at": "2025-08-26T14:31:56.583430",
    "updated_at": "2025-08-26T14:31:56.583430"
  },
  {
    "id_municipio": 4647,
    "cd_mun": "3305158",
    "nm_mun": "São José do Vale do Rio Preto",
    "cd_rgi": "330007",
    "nm_rgi": "Petrópolis",
    "cd_rgint": "3303",
    "nm_rgint": "Petrópolis",
    "cd_uf": "33",
    "nm_uf": "Rio de Janeiro",
    "sigla_uf": "RJ",
    "cd_regia": "3",
    "nm_regia": "Sudeste",
    "sigla_rg": "SE",
    "cd_concu": null,
    "nm_concu": null,
    "area_km2": 220.178,
    "created_at": "2025-08-26T14:31:56.583430",
    "updated_at": "2025-08-26T14:31:56.583430"
  },
  {
    "id_municipio": 2390,
    "cd_mun": "3305208",
    "nm_mun": "São Pedro da Aldeia",
    "cd_rgi": "330013",
    "nm_rgi": "Cabo Frio",
    "cd_rgint": "3305",
    "nm_rgint": "Macaé - Rio das Ostras - Cabo Frio",
    "cd_uf": "33",
    "nm_uf": "Rio de Janeiro",
    "sigla_uf": "RJ",
    "cd_regia": "3",
    "nm_regia": "Sudeste",
    "sigla_rg": "SE",
    "cd_concu": "3300704",
    "nm_concu": "Cabo Frio/RJ",
    "area_km2": 332.488,
    "created_at": "2025-08-26T14:23:37.304089",
    "updated_at": "2025-08-26T14:23:37.304089"
  },
  {
    "id_municipio": 3138,
    "cd_mun": "3305307",
    "nm_mun": "São Sebastião do Alto",
    "cd_rgi": "330008",
    "nm_rgi": "Nova Friburgo",
    "cd_rgint": "3303",
    "nm_rgint": "Petrópolis",
    "cd_uf": "33",
    "nm_uf": "Rio de Janeiro",
    "sigla_uf": "RJ",
    "cd_regia": "3",
    "nm_regia": "Sudeste",
    "sigla_rg": "SE",
    "cd_concu": null,
    "nm_concu": null,
    "area_km2": 397.214,
    "created_at": "2025-08-26T14:26:59.412073",
    "updated_at": "2025-08-26T14:26:59.412073"
  },
  {
    "id_municipio": 902,
    "cd_mun": "3305406",
    "nm_mun": "Sapucaia",
    "cd_rgi": "330009",
    "nm_rgi": "Três Rios - Paraíba do Sul",
    "cd_rgint": "3303",
    "nm_rgint": "Petrópolis",
    "cd_uf": "33",
    "nm_uf": "Rio de Janeiro",
    "sigla_uf": "RJ",
    "cd_regia": "3",
    "nm_regia": "Sudeste",
    "sigla_rg": "SE",
    "cd_concu": null,
    "nm_concu": null,
    "area_km2": 540.673,
    "created_at": "2025-08-26T14:18:30.386240",
    "updated_at": "2025-08-26T14:18:30.386240"
  },
  {
    "id_municipio": 1621,
    "cd_mun": "3305505",
    "nm_mun": "Saquarema",
    "cd_rgi": "330001",
    "nm_rgi": "Rio de Janeiro",
    "cd_rgint": "3301",
    "nm_rgint": "Rio de Janeiro",
    "cd_uf": "33",
    "nm_uf": "Rio de Janeiro",
    "sigla_uf": "RJ",
    "cd_regia": "3",
    "nm_regia": "Sudeste",
    "sigla_rg": "SE",
    "cd_concu": "3304557",
    "nm_concu": "Rio de Janeiro/RJ",
    "area_km2": 352.13,
    "created_at": "2025-08-26T14:21:54.867267",
    "updated_at": "2025-08-26T14:21:54.867267"
  },
  {
    "id_municipio": 1658,
    "cd_mun": "3305554",
    "nm_mun": "Seropédica",
    "cd_rgi": "330001",
    "nm_rgi": "Rio de Janeiro",
    "cd_rgint": "3301",
    "nm_rgint": "Rio de Janeiro",
    "cd_uf": "33",
    "nm_uf": "Rio de Janeiro",
    "sigla_uf": "RJ",
    "cd_regia": "3",
    "nm_regia": "Sudeste",
    "sigla_rg": "SE",
    "cd_concu": "3304557",
    "nm_concu": "Rio de Janeiro/RJ",
    "area_km2": 265.189,
    "created_at": "2025-08-26T14:21:54.867267",
    "updated_at": "2025-08-26T14:21:54.867267"
  },
  {
    "id_municipio": 2215,
    "cd_mun": "3305604",
    "nm_mun": "Silva Jardim",
    "cd_rgi": "330003",
    "nm_rgi": "Rio Bonito",
    "cd_rgint": "3301",
    "nm_rgint": "Rio de Janeiro",
    "cd_uf": "33",
    "nm_uf": "Rio de Janeiro",
    "sigla_uf": "RJ",
    "cd_regia": "3",
    "nm_regia": "Sudeste",
    "sigla_rg": "SE",
    "cd_concu": null,
    "nm_concu": null,
    "area_km2": 937.755,
    "created_at": "2025-08-26T14:23:37.304089",
    "updated_at": "2025-08-26T14:23:37.304089"
  },
  {
    "id_municipio": 199,
    "cd_mun": "3305703",
    "nm_mun": "Sumidouro",
    "cd_rgi": "330008",
    "nm_rgi": "Nova Friburgo",
    "cd_rgint": "3303",
    "nm_rgint": "Petrópolis",
    "cd_uf": "33",
    "nm_uf": "Rio de Janeiro",
    "sigla_uf": "RJ",
    "cd_regia": "3",
    "nm_regia": "Sudeste",
    "sigla_rg": "SE",
    "cd_concu": null,
    "nm_concu": null,
    "area_km2": 413.407,
    "created_at": "2025-08-26T14:16:49.632282",
    "updated_at": "2025-08-26T14:16:49.632282"
  },
  {
    "id_municipio": 232,
    "cd_mun": "3305752",
    "nm_mun": "Tanguá",
    "cd_rgi": "330001",
    "nm_rgi": "Rio de Janeiro",
    "cd_rgint": "3301",
    "nm_rgint": "Rio de Janeiro",
    "cd_uf": "33",
    "nm_uf": "Rio de Janeiro",
    "sigla_uf": "RJ",
    "cd_regia": "3",
    "nm_regia": "Sudeste",
    "sigla_rg": "SE",
    "cd_concu": "3304557",
    "nm_concu": "Rio de Janeiro/RJ",
    "area_km2": 143.007,
    "created_at": "2025-08-26T14:16:49.632282",
    "updated_at": "2025-08-26T14:16:49.632282"
  },
  {
    "id_municipio": 763,
    "cd_mun": "3305802",
    "nm_mun": "Teresópolis",
    "cd_rgi": "330007",
    "nm_rgi": "Petrópolis",
    "cd_rgint": "3303",
    "nm_rgint": "Petrópolis",
    "cd_uf": "33",
    "nm_uf": "Rio de Janeiro",
    "sigla_uf": "RJ",
    "cd_regia": "3",
    "nm_regia": "Sudeste",
    "sigla_rg": "SE",
    "cd_concu": "3305802",
    "nm_concu": "Teresópolis",
    "area_km2": 773.338,
    "created_at": "2025-08-26T14:18:30.386240",
    "updated_at": "2025-08-26T14:18:30.386240"
  },
  {
    "id_municipio": 4279,
    "cd_mun": "3305901",
    "nm_mun": "Trajano de Moraes",
    "cd_rgi": "330008",
    "nm_rgi": "Nova Friburgo",
    "cd_rgint": "3303",
    "nm_rgint": "Petrópolis",
    "cd_uf": "33",
    "nm_uf": "Rio de Janeiro",
    "sigla_uf": "RJ",
    "cd_regia": "3",
    "nm_regia": "Sudeste",
    "sigla_rg": "SE",
    "cd_concu": null,
    "nm_concu": null,
    "area_km2": 591.151,
    "created_at": "2025-08-26T14:30:16.147650",
    "updated_at": "2025-08-26T14:30:16.147650"
  },
  {
    "id_municipio": 2055,
    "cd_mun": "3306008",
    "nm_mun": "Três Rios",
    "cd_rgi": "330009",
    "nm_rgi": "Três Rios - Paraíba do Sul",
    "cd_rgint": "3303",
    "nm_rgint": "Petrópolis",
    "cd_uf": "33",
    "nm_uf": "Rio de Janeiro",
    "sigla_uf": "RJ",
    "cd_regia": "3",
    "nm_regia": "Sudeste",
    "sigla_rg": "SE",
    "cd_concu": "3306008",
    "nm_concu": "Três Rios - Paraíba do Sul/RJ",
    "area_km2": 322.843,
    "created_at": "2025-08-26T14:23:37.304089",
    "updated_at": "2025-08-26T14:23:37.304089"
  },
  {
    "id_municipio": 55,
    "cd_mun": "3306107",
    "nm_mun": "Valença",
    "cd_rgi": "330006",
    "nm_rgi": "Valença",
    "cd_rgint": "3302",
    "nm_rgint": "Volta Redonda - Barra Mansa",
    "cd_uf": "33",
    "nm_uf": "Rio de Janeiro",
    "sigla_uf": "RJ",
    "cd_regia": "3",
    "nm_regia": "Sudeste",
    "sigla_rg": "SE",
    "cd_concu": null,
    "nm_concu": null,
    "area_km2": 1300.767,
    "created_at": "2025-08-26T14:16:49.632282",
    "updated_at": "2025-08-26T14:16:49.632282"
  },
  {
    "id_municipio": 162,
    "cd_mun": "3306156",
    "nm_mun": "Varre-Sai",
    "cd_rgi": "330011",
    "nm_rgi": "Itaperuna",
    "cd_rgint": "3304",
    "nm_rgint": "Campos dos Goytacazes",
    "cd_uf": "33",
    "nm_uf": "Rio de Janeiro",
    "sigla_uf": "RJ",
    "cd_regia": "3",
    "nm_regia": "Sudeste",
    "sigla_rg": "SE",
    "cd_concu": null,
    "nm_concu": null,
    "area_km2": 201.938,
    "created_at": "2025-08-26T14:16:49.632282",
    "updated_at": "2025-08-26T14:16:49.632282"
  },
  {
    "id_municipio": 613,
    "cd_mun": "3306206",
    "nm_mun": "Vassouras",
    "cd_rgi": "330006",
    "nm_rgi": "Valença",
    "cd_rgint": "3302",
    "nm_rgint": "Volta Redonda - Barra Mansa",
    "cd_uf": "33",
    "nm_uf": "Rio de Janeiro",
    "sigla_uf": "RJ",
    "cd_regia": "3",
    "nm_regia": "Sudeste",
    "sigla_rg": "SE",
    "cd_concu": null,
    "nm_concu": null,
    "area_km2": 536.073,
    "created_at": "2025-08-26T14:18:30.386240",
    "updated_at": "2025-08-26T14:18:30.386240"
  },
  {
    "id_municipio": 4125,
    "cd_mun": "3306305",
    "nm_mun": "Volta Redonda",
    "cd_rgi": "330004",
    "nm_rgi": "Volta Redonda - Barra Mansa",
    "cd_rgint": "3302",
    "nm_rgint": "Volta Redonda - Barra Mansa",
    "cd_uf": "33",
    "nm_uf": "Rio de Janeiro",
    "sigla_uf": "RJ",
    "cd_regia": "3",
    "nm_regia": "Sudeste",
    "sigla_rg": "SE",
    "cd_concu": "3306305",
    "nm_concu": "Volta Redonda - Barra Mansa/RJ",
    "area_km2": 182.105,
    "created_at": "2025-08-26T14:30:16.147650",
    "updated_at": "2025-08-26T14:30:16.147650"
  }
]