[
  {
    "id_municipio": 4035,
    "cd_mun": "2400109",
    "nm_mun": "Acari",
    "cd_rgi": "240008",
    "nm_rgi": "Currais Novos",
    "cd_rgint": "2402",
    "nm_rgint": "Caicó",
    "cd_uf": "24",
    "nm_uf": "Rio Grande do Norte",
    "sigla_uf": "RN",
    "cd_regia": "2",
    "nm_regia": "Nordeste",
    "sigla_rg": "NE",
    "cd_concu": null,
    "nm_concu": null,
    "area_km2": 608.466,
    "created_at": "2025-08-26T14:30:16.147650",
    "updated_at": "2025-08-26T14:30:16.147650"
  },
  {
    "id_municipio": 1817,
    "cd_mun": "2400208",
    "nm_mun": "Açu",
    "cd_rgi": "240011",
    "nm_rgi": "Açu",
    "cd_rgint": "2403",
    "nm_rgint": "Mossoró",
    "cd_uf": "24",
    "nm_uf": "Rio Grande do Norte",
    "sigla_uf": "RN",
    "cd_regia": "2",
    "nm_regia": "Nordeste",
    "sigla_rg": "NE",
    "cd_concu": null,
    "nm_concu": null,
    "area_km2": 1303.442,
    "created_at": "2025-08-26T14:21:54.867267",
    "updated_at": "2025-08-26T14:21:54.867267"
  },
  {
    "id_municipio": 2560,
    "cd_mun": "2400307",
    "nm_mun": "Afonso Bezerra",
    "cd_rgi": "240011",
    "nm_rgi": "Açu",
    "cd_rgint": "2403",
    "nm_rgint": "Mossoró",
    "cd_uf": "24",
    "nm_uf": "Rio Grande do Norte",
    "sigla_uf": "RN",
    "cd_regia": "2",
    "nm_regia": "Nordeste",
    "sigla_rg": "NE",
    "cd_concu": null,
    "nm_concu": null,
    "area_km2": 576.179,
    "created_at": "2025-08-26T14:25:16.599609",
    "updated_at": "2025-08-26T14:25:16.599609"
  },
  {
    "id_municipio": 3141,
    "cd_mun": "2400406",
    "nm_mun": "Água Nova",
    "cd_rgi": "240010",
    "nm_rgi": "Pau dos Ferros",
    "cd_rgint": "2403",
    "nm_rgint": "Mossoró",
    "cd_uf": "24",
    "nm_uf": "Rio Grande do Norte",
    "sigla_uf": "RN",
    "cd_regia": "2",
    "nm_regia": "Nordeste",
    "sigla_rg": "NE",
    "cd_concu": null,
    "nm_concu": null,
    "area_km2": 50.684,
    "created_at": "2025-08-26T14:26:59.412073",
    "updated_at": "2025-08-26T14:26:59.412073"
  },
  {
    "id_municipio": 1087,
    "cd_mun": "2400505",
    "nm_mun": "Alexandria",
    "cd_rgi": "240010",
    "nm_rgi": "Pau dos Ferros",
    "cd_rgint": "2403",
    "nm_rgint": "Mossoró",
    "cd_uf": "24",
    "nm_uf": "Rio Grande do Norte",
    "sigla_uf": "RN",
    "cd_regia": "2",
    "nm_regia": "Nordeste",
    "sigla_rg": "NE",
    "cd_concu": null,
    "nm_concu": null,
    "area_km2": 381.205,
    "created_at": "2025-08-26T14:20:11.646400",
    "updated_at": "2025-08-26T14:20:11.646400"
  },
  {
    "id_municipio": 1612,
    "cd_mun": "2400604",
    "nm_mun": "Almino Afonso",
    "cd_rgi": "240010",
    "nm_rgi": "Pau dos Ferros",
    "cd_rgint": "2403",
    "nm_rgint": "Mossoró",
    "cd_uf": "24",
    "nm_uf": "Rio Grande do Norte",
    "sigla_uf": "RN",
    "cd_regia": "2",
    "nm_regia": "Nordeste",
    "sigla_rg": "NE",
    "cd_concu": null,
    "nm_concu": null,
    "area_km2": 128.038,
    "created_at": "2025-08-26T14:21:54.867267",
    "updated_at": "2025-08-26T14:21:54.867267"
  },
  {
    "id_municipio": 5155,
    "cd_mun": "2400703",
    "nm_mun": "Alto do Rodrigues",
    "cd_rgi": "240011",
    "nm_rgi": "Açu",
    "cd_rgint": "2403",
    "nm_rgint": "Mossoró",
    "cd_uf": "24",
    "nm_uf": "Rio Grande do Norte",
    "sigla_uf": "RN",
    "cd_regia": "2",
    "nm_regia": "Nordeste",
    "sigla_rg": "NE",
    "cd_concu": null,
    "nm_concu": null,
    "area_km2": 191.334,
    "created_at": "2025-08-26T14:33:28.234007",
    "updated_at": "2025-08-26T14:33:28.234007"
  },
  {
    "id_municipio": 179,
    "cd_mun": "2400802",
    "nm_mun": "Angicos",
    "cd_rgi": "240011",
    "nm_rgi": "Açu",
    "cd_rgint": "2403",
    "nm_rgint": "Mossoró",
    "cd_uf": "24",
    "nm_uf": "Rio Grande do Norte",
    "sigla_uf": "RN",
    "cd_regia": "2",
    "nm_regia": "Nordeste",
    "sigla_rg": "NE",
    "cd_concu": null,
    "nm_concu": null,
    "area_km2": 741.582,
    "created_at": "2025-08-26T14:16:49.632282",
    "updated_at": "2025-08-26T14:16:49.632282"
  },
  {
    "id_municipio": 3676,
    "cd_mun": "2400901",
    "nm_mun": "Antônio Martins",
    "cd_rgi": "240010",
    "nm_rgi": "Pau dos Ferros",
    "cd_rgint": "2403",
    "nm_rgint": "Mossoró",
    "cd_uf": "24",
    "nm_uf": "Rio Grande do Norte",
    "sigla_uf": "RN",
    "cd_regia": "2",
    "nm_regia": "Nordeste",
    "sigla_rg": "NE",
    "cd_concu": null,
    "nm_concu": null,
    "area_km2": 244.897,
    "created_at": "2025-08-26T14:28:39.681185",
    "updated_at": "2025-08-26T14:28:39.681185"
  },
  {
    "id_municipio": 1314,
    "cd_mun": "2401008",
    "nm_mun": "Apodi",
    "cd_rgi": "240009",
    "nm_rgi": "Mossoró",
    "cd_rgint": "2403",
    "nm_rgint": "Mossoró",
    "cd_uf": "24",
    "nm_uf": "Rio Grande do Norte",
    "sigla_uf": "RN",
    "cd_regia": "2",
    "nm_regia": "Nordeste",
    "sigla_rg": "NE",
    "cd_concu": null,
    "nm_concu": null,
    "area_km2": 1569.146,
    "created_at": "2025-08-26T14:20:11.646400",
    "updated_at": "2025-08-26T14:20:11.646400"
  },
  {
    "id_municipio": 4853,
    "cd_mun": "2401107",
    "nm_mun": "Areia Branca",
    "cd_rgi": "240009",
    "nm_rgi": "Mossoró",
    "cd_rgint": "2403",
    "nm_rgint": "Mossoró",
    "cd_uf": "24",
    "nm_uf": "Rio Grande do Norte",
    "sigla_uf": "RN",
    "cd_regia": "2",
    "nm_regia": "Nordeste",
    "sigla_rg": "NE",
    "cd_concu": null,
    "nm_concu": null,
    "area_km2": 342.749,
    "created_at": "2025-08-26T14:31:56.583430",
    "updated_at": "2025-08-26T14:31:56.583430"
  },
  {
    "id_municipio": 5423,
    "cd_mun": "2401206",
    "nm_mun": "Arês",
    "cd_rgi": "240003",
    "nm_rgi": "Canguaretama",
    "cd_rgint": "2401",
    "nm_rgint": "Natal",
    "cd_uf": "24",
    "nm_uf": "Rio Grande do Norte",
    "sigla_uf": "RN",
    "cd_regia": "2",
    "nm_regia": "Nordeste",
    "sigla_rg": "NE",
    "cd_concu": null,
    "nm_concu": null,
    "area_km2": 115.407,
    "created_at": "2025-08-26T14:33:28.234007",
    "updated_at": "2025-08-26T14:33:28.234007"
  },
  {
    "id_municipio": 3935,
    "cd_mun": "2401404",
    "nm_mun": "Baía Formosa",
    "cd_rgi": "240003",
    "nm_rgi": "Canguaretama",
    "cd_rgint": "2401",
    "nm_rgint": "Natal",
    "cd_uf": "24",
    "nm_uf": "Rio Grande do Norte",
    "sigla_uf": "RN",
    "cd_regia": "2",
    "nm_regia": "Nordeste",
    "sigla_rg": "NE",
    "cd_concu": null,
    "nm_concu": null,
    "area_km2": 247.484,
    "created_at": "2025-08-26T14:28:39.681185",
    "updated_at": "2025-08-26T14:28:39.681185"
  },
  {
    "id_municipio": 4058,
    "cd_mun": "2401453",
    "nm_mun": "Baraúna",
    "cd_rgi": "240009",
    "nm_rgi": "Mossoró",
    "cd_rgint": "2403",
    "nm_rgint": "Mossoró",
    "cd_uf": "24",
    "nm_uf": "Rio Grande do Norte",
    "sigla_uf": "RN",
    "cd_regia": "2",
    "nm_regia": "Nordeste",
    "sigla_rg": "NE",
    "cd_concu": null,
    "nm_concu": null,
    "area_km2": 825.681,
    "created_at": "2025-08-26T14:30:16.147650",
    "updated_at": "2025-08-26T14:30:16.147650"
  },
  {
    "id_municipio": 1902,
    "cd_mun": "2401503",
    "nm_mun": "Barcelona",
    "cd_rgi": "240006",
    "nm_rgi": "São Paulo do Potengi",
    "cd_rgint": "2401",
    "nm_rgint": "Natal",
    "cd_uf": "24",
    "nm_uf": "Rio Grande do Norte",
    "sigla_uf": "RN",
    "cd_regia": "2",
    "nm_regia": "Nordeste",
    "sigla_rg": "NE",
    "cd_concu": null,
    "nm_concu": null,
    "area_km2": 152.626,
    "created_at": "2025-08-26T14:21:54.867267",
    "updated_at": "2025-08-26T14:21:54.867267"
  },
  {
    "id_municipio": 2471,
    "cd_mun": "2401602",
    "nm_mun": "Bento Fernandes",
    "cd_rgi": "240001",
    "nm_rgi": "Natal",
    "cd_rgint": "2401",
    "nm_rgint": "Natal",
    "cd_uf": "24",
    "nm_uf": "Rio Grande do Norte",
    "sigla_uf": "RN",
    "cd_regia": "2",
    "nm_regia": "Nordeste",
    "sigla_rg": "NE",
    "cd_concu": null,
    "nm_concu": null,
    "area_km2": 301.069,
    "created_at": "2025-08-26T14:23:37.304089",
    "updated_at": "2025-08-26T14:23:37.304089"
  },
  {
    "id_municipio": 2580,
    "cd_mun": "2401651",
    "nm_mun": "Bodó",
    "cd_rgi": "240008",
    "nm_rgi": "Currais Novos",
    "cd_rgint": "2402",
    "nm_rgint": "Caicó",
    "cd_uf": "24",
    "nm_uf": "Rio Grande do Norte",
    "sigla_uf": "RN",
    "cd_regia": "2",
    "nm_regia": "Nordeste",
    "sigla_rg": "NE",
    "cd_concu": null,
    "nm_concu": null,
    "area_km2": 253.519,
    "created_at": "2025-08-26T14:25:16.599609",
    "updated_at": "2025-08-26T14:25:16.599609"
  },
  {
    "id_municipio": 3224,
    "cd_mun": "2401701",
    "nm_mun": "Bom Jesus",
    "cd_rgi": "240001",
    "nm_rgi": "Natal",
    "cd_rgint": "2401",
    "nm_rgint": "Natal",
    "cd_uf": "24",
    "nm_uf": "Rio Grande do Norte",
    "sigla_uf": "RN",
    "cd_regia": "2",
    "nm_regia": "Nordeste",
    "sigla_rg": "NE",
    "cd_concu": null,
    "nm_concu": null,
    "area_km2": 122.035,
    "created_at": "2025-08-26T14:26:59.412073",
    "updated_at": "2025-08-26T14:26:59.412073"
  },
  {
    "id_municipio": 975,
    "cd_mun": "2401800",
    "nm_mun": "Brejinho",
    "cd_rgi": "240001",
    "nm_rgi": "Natal",
    "cd_rgint": "2401",
    "nm_rgint": "Natal",
    "cd_uf": "24",
    "nm_uf": "Rio Grande do Norte",
    "sigla_uf": "RN",
    "cd_regia": "2",
    "nm_regia": "Nordeste",
    "sigla_rg": "NE",
    "cd_concu": null,
    "nm_concu": null,
    "area_km2": 61.559,
    "created_at": "2025-08-26T14:18:30.386240",
    "updated_at": "2025-08-26T14:18:30.386240"
  },
  {
    "id_municipio": 1089,
    "cd_mun": "2401859",
    "nm_mun": "Caiçara do Norte",
    "cd_rgi": "240005",
    "nm_rgi": "João Câmara",
    "cd_rgint": "2401",
    "nm_rgint": "Natal",
    "cd_uf": "24",
    "nm_uf": "Rio Grande do Norte",
    "sigla_uf": "RN",
    "cd_regia": "2",
    "nm_regia": "Nordeste",
    "sigla_rg": "NE",
    "cd_concu": null,
    "nm_concu": null,
    "area_km2": 225.633,
    "created_at": "2025-08-26T14:20:11.646400",
    "updated_at": "2025-08-26T14:20:11.646400"
  },
  {
    "id_municipio": 1713,
    "cd_mun": "2401909",
    "nm_mun": "Caiçara do Rio do Vento",
    "cd_rgi": "240006",
    "nm_rgi": "São Paulo do Potengi",
    "cd_rgint": "2401",
    "nm_rgint": "Natal",
    "cd_uf": "24",
    "nm_uf": "Rio Grande do Norte",
    "sigla_uf": "RN",
    "cd_regia": "2",
    "nm_regia": "Nordeste",
    "sigla_rg": "NE",
    "cd_concu": null,
    "nm_concu": null,
    "area_km2": 261.194,
    "created_at": "2025-08-26T14:21:54.867267",
    "updated_at": "2025-08-26T14:21:54.867267"
  },
  {
    "id_municipio": 2230,
    "cd_mun": "2402006",
    "nm_mun": "Caicó",
    "cd_rgi": "240007",
    "nm_rgi": "Caicó",
    "cd_rgint": "2402",
    "nm_rgint": "Caicó",
    "cd_uf": "24",
    "nm_uf": "Rio Grande do Norte",
    "sigla_uf": "RN",
    "cd_regia": "2",
    "nm_regia": "Nordeste",
    "sigla_rg": "NE",
    "cd_concu": null,
    "nm_concu": null,
    "area_km2": 1228.583,
    "created_at": "2025-08-26T14:23:37.304089",
    "updated_at": "2025-08-26T14:23:37.304089"
  },
  {
    "id_municipio": 3387,
    "cd_mun": "2401305",
    "nm_mun": "Campo Grande",
    "cd_rgi": "240009",
    "nm_rgi": "Mossoró",
    "cd_rgint": "2403",
    "nm_rgint": "Mossoró",
    "cd_uf": "24",
    "nm_uf": "Rio Grande do Norte",
    "sigla_uf": "RN",
    "cd_regia": "2",
    "nm_regia": "Nordeste",
    "sigla_rg": "NE",
    "cd_concu": null,
    "nm_concu": null,
    "area_km2": 890.89,
    "created_at": "2025-08-26T14:26:59.412073",
    "updated_at": "2025-08-26T14:26:59.412073"
  },
  {
    "id_municipio": 2798,
    "cd_mun": "2402105",
    "nm_mun": "Campo Redondo",
    "cd_rgi": "240004",
    "nm_rgi": "Santa Cruz",
    "cd_rgint": "2401",
    "nm_rgint": "Natal",
    "cd_uf": "24",
    "nm_uf": "Rio Grande do Norte",
    "sigla_uf": "RN",
    "cd_regia": "2",
    "nm_regia": "Nordeste",
    "sigla_rg": "NE",
    "cd_concu": null,
    "nm_concu": null,
    "area_km2": 213.727,
    "created_at": "2025-08-26T14:25:16.599609",
    "updated_at": "2025-08-26T14:25:16.599609"
  },
  {
    "id_municipio": 748,
    "cd_mun": "2402204",
    "nm_mun": "Canguaretama",
    "cd_rgi": "240003",
    "nm_rgi": "Canguaretama",
    "cd_rgint": "2401",
    "nm_rgint": "Natal",
    "cd_uf": "24",
    "nm_uf": "Rio Grande do Norte",
    "sigla_uf": "RN",
    "cd_regia": "2",
    "nm_regia": "Nordeste",
    "sigla_rg": "NE",
    "cd_concu": null,
    "nm_concu": null,
    "area_km2": 245.485,
    "created_at": "2025-08-26T14:18:30.386240",
    "updated_at": "2025-08-26T14:18:30.386240"
  },
  {
    "id_municipio": 1299,
    "cd_mun": "2402303",
    "nm_mun": "Caraúbas",
    "cd_rgi": "240009",
    "nm_rgi": "Mossoró",
    "cd_rgint": "2403",
    "nm_rgint": "Mossoró",
    "cd_uf": "24",
    "nm_uf": "Rio Grande do Norte",
    "sigla_uf": "RN",
    "cd_regia": "2",
    "nm_regia": "Nordeste",
    "sigla_rg": "NE",
    "cd_concu": null,
    "nm_concu": null,
    "area_km2": 1094.488,
    "created_at": "2025-08-26T14:20:11.646400",
    "updated_at": "2025-08-26T14:20:11.646400"
  },
  {
    "id_municipio": 4838,
    "cd_mun": "2402402",
    "nm_mun": "Carnaúba dos Dantas",
    "cd_rgi": "240008",
    "nm_rgi": "Currais Novos",
    "cd_rgint": "2402",
    "nm_rgint": "Caicó",
    "cd_uf": "24",
    "nm_uf": "Rio Grande do Norte",
    "sigla_uf": "RN",
    "cd_regia": "2",
    "nm_regia": "Nordeste",
    "sigla_rg": "NE",
    "cd_concu": null,
    "nm_concu": null,
    "area_km2": 246.308,
    "created_at": "2025-08-26T14:31:56.583430",
    "updated_at": "2025-08-26T14:31:56.583430"
  },
  {
    "id_municipio": 5405,
    "cd_mun": "2402501",
    "nm_mun": "Carnaubais",
    "cd_rgi": "240011",
    "nm_rgi": "Açu",
    "cd_rgint": "2403",
    "nm_rgint": "Mossoró",
    "cd_uf": "24",
    "nm_uf": "Rio Grande do Norte",
    "sigla_uf": "RN",
    "cd_regia": "2",
    "nm_regia": "Nordeste",
    "sigla_rg": "NE",
    "cd_concu": null,
    "nm_concu": null,
    "area_km2": 517.737,
    "created_at": "2025-08-26T14:33:28.234007",
    "updated_at": "2025-08-26T14:33:28.234007"
  },
  {
    "id_municipio": 3198,
    "cd_mun": "2402600",
    "nm_mun": "Ceará-Mirim",
    "cd_rgi": "240001",
    "nm_rgi": "Natal",
    "cd_rgint": "2401",
    "nm_rgint": "Natal",
    "cd_uf": "24",
    "nm_uf": "Rio Grande do Norte",
    "sigla_uf": "RN",
    "cd_regia": "2",
    "nm_regia": "Nordeste",
    "sigla_rg": "NE",
    "cd_concu": null,
    "nm_concu": null,
    "area_km2": 724.838,
    "created_at": "2025-08-26T14:26:59.412073",
    "updated_at": "2025-08-26T14:26:59.412073"
  },
  {
    "id_municipio": 3703,
    "cd_mun": "2402709",
    "nm_mun": "Cerro Corá",
    "cd_rgi": "240008",
    "nm_rgi": "Currais Novos",
    "cd_rgint": "2402",
    "nm_rgint": "Caicó",
    "cd_uf": "24",
    "nm_uf": "Rio Grande do Norte",
    "sigla_uf": "RN",
    "cd_regia": "2",
    "nm_regia": "Nordeste",
    "sigla_rg": "NE",
    "cd_concu": null,
    "nm_concu": null,
    "area_km2": 393.573,
    "created_at": "2025-08-26T14:28:39.681185",
    "updated_at": "2025-08-26T14:28:39.681185"
  },
  {
    "id_municipio": 4458,
    "cd_mun": "2402808",
    "nm_mun": "Coronel Ezequiel",
    "cd_rgi": "240004",
    "nm_rgi": "Santa Cruz",
    "cd_rgint": "2401",
    "nm_rgint": "Natal",
    "cd_uf": "24",
    "nm_uf": "Rio Grande do Norte",
    "sigla_uf": "RN",
    "cd_regia": "2",
    "nm_regia": "Nordeste",
    "sigla_rg": "NE",
    "cd_concu": null,
    "nm_concu": null,
    "area_km2": 185.748,
    "created_at": "2025-08-26T14:30:16.147650",
    "updated_at": "2025-08-26T14:30:16.147650"
  },
  {
    "id_municipio": 2255,
    "cd_mun": "2402907",
    "nm_mun": "Coronel João Pessoa",
    "cd_rgi": "240010",
    "nm_rgi": "Pau dos Ferros",
    "cd_rgint": "2403",
    "nm_rgint": "Mossoró",
    "cd_uf": "24",
    "nm_uf": "Rio Grande do Norte",
    "sigla_uf": "RN",
    "cd_regia": "2",
    "nm_regia": "Nordeste",
    "sigla_rg": "NE",
    "cd_concu": null,
    "nm_concu": null,
    "area_km2": 117.139,
    "created_at": "2025-08-26T14:23:37.304089",
    "updated_at": "2025-08-26T14:23:37.304089"
  },
  {
    "id_municipio": 66,
    "cd_mun": "2403004",
    "nm_mun": "Cruzeta",
    "cd_rgi": "240007",
    "nm_rgi": "Caicó",
    "cd_rgint": "2402",
    "nm_rgint": "Caicó",
    "cd_uf": "24",
    "nm_uf": "Rio Grande do Norte",
    "sigla_uf": "RN",
    "cd_regia": "2",
    "nm_regia": "Nordeste",
    "sigla_rg": "NE",
    "cd_concu": null,
    "nm_concu": null,
    "area_km2": 295.83,
    "created_at": "2025-08-26T14:16:49.632282",
    "updated_at": "2025-08-26T14:16:49.632282"
  },
  {
    "id_municipio": 3408,
    "cd_mun": "2403103",
    "nm_mun": "Currais Novos",
    "cd_rgi": "240008",
    "nm_rgi": "Currais Novos",
    "cd_rgint": "2402",
    "nm_rgint": "Caicó",
    "cd_uf": "24",
    "nm_uf": "Rio Grande do Norte",
    "sigla_uf": "RN",
    "cd_regia": "2",
    "nm_regia": "Nordeste",
    "sigla_rg": "NE",
    "cd_concu": null,
    "nm_concu": null,
    "area_km2": 864.349,
    "created_at": "2025-08-26T14:26:59.412073",
    "updated_at": "2025-08-26T14:26:59.412073"
  },
  {
    "id_municipio": 4145,
    "cd_mun": "2403202",
    "nm_mun": "Doutor Severiano",
    "cd_rgi": "240010",
    "nm_rgi": "Pau dos Ferros",
    "cd_rgint": "2403",
    "nm_rgint": "Mossoró",
    "cd_uf": "24",
    "nm_uf": "Rio Grande do Norte",
    "sigla_uf": "RN",
    "cd_regia": "2",
    "nm_regia": "Nordeste",
    "sigla_rg": "NE",
    "cd_concu": null,
    "nm_concu": null,
    "area_km2": 113.737,
    "created_at": "2025-08-26T14:30:16.147650",
    "updated_at": "2025-08-26T14:30:16.147650"
  },
  {
    "id_municipio": 1931,
    "cd_mun": "2403301",
    "nm_mun": "Encanto",
    "cd_rgi": "240010",
    "nm_rgi": "Pau dos Ferros",
    "cd_rgint": "2403",
    "nm_rgint": "Mossoró",
    "cd_uf": "24",
    "nm_uf": "Rio Grande do Norte",
    "sigla_uf": "RN",
    "cd_regia": "2",
    "nm_regia": "Nordeste",
    "sigla_rg": "NE",
    "cd_concu": null,
    "nm_concu": null,
    "area_km2": 125.749,
    "created_at": "2025-08-26T14:21:54.867267",
    "updated_at": "2025-08-26T14:21:54.867267"
  },
  {
    "id_municipio": 2665,
    "cd_mun": "2403400",
    "nm_mun": "Equador",
    "cd_rgi": "240007",
    "nm_rgi": "Caicó",
    "cd_rgint": "2402",
    "nm_rgint": "Caicó",
    "cd_uf": "24",
    "nm_uf": "Rio Grande do Norte",
    "sigla_uf": "RN",
    "cd_regia": "2",
    "nm_regia": "Nordeste",
    "sigla_rg": "NE",
    "cd_concu": null,
    "nm_concu": null,
    "area_km2": 264.985,
    "created_at": "2025-08-26T14:25:16.599609",
    "updated_at": "2025-08-26T14:25:16.599609"
  },
  {
    "id_municipio": 449,
    "cd_mun": "2403509",
    "nm_mun": "Espírito Santo",
    "cd_rgi": "240003",
    "nm_rgi": "Canguaretama",
    "cd_rgint": "2401",
    "nm_rgint": "Natal",
    "cd_uf": "24",
    "nm_uf": "Rio Grande do Norte",
    "sigla_uf": "RN",
    "cd_regia": "2",
    "nm_regia": "Nordeste",
    "sigla_rg": "NE",
    "cd_concu": null,
    "nm_concu": null,
    "area_km2": 135.837,
    "created_at": "2025-08-26T14:16:49.632282",
    "updated_at": "2025-08-26T14:16:49.632282"
  },
  {
    "id_municipio": 1173,
    "cd_mun": "2403608",
    "nm_mun": "Extremoz",
    "cd_rgi": "240001",
    "nm_rgi": "Natal",
    "cd_rgint": "2401",
    "nm_rgint": "Natal",
    "cd_uf": "24",
    "nm_uf": "Rio Grande do Norte",
    "sigla_uf": "RN",
    "cd_regia": "2",
    "nm_regia": "Nordeste",
    "sigla_rg": "NE",
    "cd_concu": "2408102",
    "nm_concu": "Natal/RN",
    "area_km2": 140.639,
    "created_at": "2025-08-26T14:20:11.646400",
    "updated_at": "2025-08-26T14:20:11.646400"
  },
  {
    "id_municipio": 4522,
    "cd_mun": "2403707",
    "nm_mun": "Felipe Guerra",
    "cd_rgi": "240009",
    "nm_rgi": "Mossoró",
    "cd_rgint": "2403",
    "nm_rgint": "Mossoró",
    "cd_uf": "24",
    "nm_uf": "Rio Grande do Norte",
    "sigla_uf": "RN",
    "cd_regia": "2",
    "nm_regia": "Nordeste",
    "sigla_rg": "NE",
    "cd_concu": null,
    "nm_concu": null,
    "area_km2": 292.177,
    "created_at": "2025-08-26T14:31:56.583430",
    "updated_at": "2025-08-26T14:31:56.583430"
  },
  {
    "id_municipio": 4655,
    "cd_mun": "2403756",
    "nm_mun": "Fernando Pedroza",
    "cd_rgi": "240011",
    "nm_rgi": "Açu",
    "cd_rgint": "2403",
    "nm_rgint": "Mossoró",
    "cd_uf": "24",
    "nm_uf": "Rio Grande do Norte",
    "sigla_uf": "RN",
    "cd_regia": "2",
    "nm_regia": "Nordeste",
    "sigla_rg": "NE",
    "cd_concu": null,
    "nm_concu": null,
    "area_km2": 322.628,
    "created_at": "2025-08-26T14:31:56.583430",
    "updated_at": "2025-08-26T14:31:56.583430"
  },
  {
    "id_municipio": 5251,
    "cd_mun": "2403806",
    "nm_mun": "Florânia",
    "cd_rgi": "240008",
    "nm_rgi": "Currais Novos",
    "cd_rgint": "2402",
    "nm_rgint": "Caicó",
    "cd_uf": "24",
    "nm_uf": "Rio Grande do Norte",
    "sigla_uf": "RN",
    "cd_regia": "2",
    "nm_regia": "Nordeste",
    "sigla_rg": "NE",
    "cd_concu": null,
    "nm_concu": null,
    "area_km2": 507.892,
    "created_at": "2025-08-26T14:33:28.234007",
    "updated_at": "2025-08-26T14:33:28.234007"
  },
  {
    "id_municipio": 269,
    "cd_mun": "2403905",
    "nm_mun": "Francisco Dantas",
    "cd_rgi": "240010",
    "nm_rgi": "Pau dos Ferros",
    "cd_rgint": "2403",
    "nm_rgint": "Mossoró",
    "cd_uf": "24",
    "nm_uf": "Rio Grande do Norte",
    "sigla_uf": "RN",
    "cd_regia": "2",
    "nm_regia": "Nordeste",
    "sigla_rg": "NE",
    "cd_concu": null,
    "nm_concu": null,
    "area_km2": 181.558,
    "created_at": "2025-08-26T14:16:49.632282",
    "updated_at": "2025-08-26T14:16:49.632282"
  },
  {
    "id_municipio": 772,
    "cd_mun": "2404002",
    "nm_mun": "Frutuoso Gomes",
    "cd_rgi": "240010",
    "nm_rgi": "Pau dos Ferros",
    "cd_rgint": "2403",
    "nm_rgint": "Mossoró",
    "cd_uf": "24",
    "nm_uf": "Rio Grande do Norte",
    "sigla_uf": "RN",
    "cd_regia": "2",
    "nm_regia": "Nordeste",
    "sigla_rg": "NE",
    "cd_concu": null,
    "nm_concu": null,
    "area_km2": 63.279,
    "created_at": "2025-08-26T14:18:30.386240",
    "updated_at": "2025-08-26T14:18:30.386240"
  },
  {
    "id_municipio": 1455,
    "cd_mun": "2404101",
    "nm_mun": "Galinhos",
    "cd_rgi": "240005",
    "nm_rgi": "João Câmara",
    "cd_rgint": "2401",
    "nm_rgint": "Natal",
    "cd_uf": "24",
    "nm_uf": "Rio Grande do Norte",
    "sigla_uf": "RN",
    "cd_regia": "2",
    "nm_regia": "Nordeste",
    "sigla_rg": "NE",
    "cd_concu": null,
    "nm_concu": null,
    "area_km2": 340.769,
    "created_at": "2025-08-26T14:20:11.646400",
    "updated_at": "2025-08-26T14:20:11.646400"
  },
  {
    "id_municipio": 4856,
    "cd_mun": "2404200",
    "nm_mun": "Goianinha",
    "cd_rgi": "240003",
    "nm_rgi": "Canguaretama",
    "cd_rgint": "2401",
    "nm_rgint": "Natal",
    "cd_uf": "24",
    "nm_uf": "Rio Grande do Norte",
    "sigla_uf": "RN",
    "cd_regia": "2",
    "nm_regia": "Nordeste",
    "sigla_rg": "NE",
    "cd_concu": null,
    "nm_concu": null,
    "area_km2": 192.279,
    "created_at": "2025-08-26T14:31:56.583430",
    "updated_at": "2025-08-26T14:31:56.583430"
  },
  {
    "id_municipio": 44,
    "cd_mun": "2404309",
    "nm_mun": "Governador Dix-Sept Rosado",
    "cd_rgi": "240009",
    "nm_rgi": "Mossoró",
    "cd_rgint": "2403",
    "nm_rgint": "Mossoró",
    "cd_uf": "24",
    "nm_uf": "Rio Grande do Norte",
    "sigla_uf": "RN",
    "cd_regia": "2",
    "nm_regia": "Nordeste",
    "sigla_rg": "NE",
    "cd_concu": null,
    "nm_concu": null,
    "area_km2": 1109.36,
    "created_at": "2025-08-26T14:16:49.632282",
    "updated_at": "2025-08-26T14:16:49.632282"
  },
  {
    "id_municipio": 3390,
    "cd_mun": "2404408",
    "nm_mun": "Grossos",
    "cd_rgi": "240009",
    "nm_rgi": "Mossoró",
    "cd_rgint": "2403",
    "nm_rgint": "Mossoró",
    "cd_uf": "24",
    "nm_uf": "Rio Grande do Norte",
    "sigla_uf": "RN",
    "cd_regia": "2",
    "nm_regia": "Nordeste",
    "sigla_rg": "NE",
    "cd_concu": null,
    "nm_concu": null,
    "area_km2": 124.538,
    "created_at": "2025-08-26T14:26:59.412073",
    "updated_at": "2025-08-26T14:26:59.412073"
  },
  {
    "id_municipio": 4123,
    "cd_mun": "2404507",
    "nm_mun": "Guamaré",
    "cd_rgi": "240011",
    "nm_rgi": "Açu",
    "cd_rgint": "2403",
    "nm_rgint": "Mossoró",
    "cd_uf": "24",
    "nm_uf": "Rio Grande do Norte",
    "sigla_uf": "RN",
    "cd_regia": "2",
    "nm_regia": "Nordeste",
    "sigla_rg": "NE",
    "cd_concu": null,
    "nm_concu": null,
    "area_km2": 258.307,
    "created_at": "2025-08-26T14:30:16.147650",
    "updated_at": "2025-08-26T14:30:16.147650"
  },
  {
    "id_municipio": 1908,
    "cd_mun": "2404606",
    "nm_mun": "Ielmo Marinho",
    "cd_rgi": "240001",
    "nm_rgi": "Natal",
    "cd_rgint": "2401",
    "nm_rgint": "Natal",
    "cd_uf": "24",
    "nm_uf": "Rio Grande do Norte",
    "sigla_uf": "RN",
    "cd_regia": "2",
    "nm_regia": "Nordeste",
    "sigla_rg": "NE",
    "cd_concu": null,
    "nm_concu": null,
    "area_km2": 312.028,
    "created_at": "2025-08-26T14:21:54.867267",
    "updated_at": "2025-08-26T14:21:54.867267"
  },
  {
    "id_municipio": 2643,
    "cd_mun": "2404705",
    "nm_mun": "Ipanguaçu",
    "cd_rgi": "240011",
    "nm_rgi": "Açu",
    "cd_rgint": "2403",
    "nm_rgint": "Mossoró",
    "cd_uf": "24",
    "nm_uf": "Rio Grande do Norte",
    "sigla_uf": "RN",
    "cd_regia": "2",
    "nm_regia": "Nordeste",
    "sigla_rg": "NE",
    "cd_concu": null,
    "nm_concu": null,
    "area_km2": 374.245,
    "created_at": "2025-08-26T14:25:16.599609",
    "updated_at": "2025-08-26T14:25:16.599609"
  },
  {
    "id_municipio": 443,
    "cd_mun": "2404804",
    "nm_mun": "Ipueira",
    "cd_rgi": "240007",
    "nm_rgi": "Caicó",
    "cd_rgint": "2402",
    "nm_rgint": "Caicó",
    "cd_uf": "24",
    "nm_uf": "Rio Grande do Norte",
    "sigla_uf": "RN",
    "cd_regia": "2",
    "nm_regia": "Nordeste",
    "sigla_rg": "NE",
    "cd_concu": null,
    "nm_concu": null,
    "area_km2": 127.348,
    "created_at": "2025-08-26T14:16:49.632282",
    "updated_at": "2025-08-26T14:16:49.632282"
  },
  {
    "id_municipio": 631,
    "cd_mun": "2404853",
    "nm_mun": "Itajá",
    "cd_rgi": "240011",
    "nm_rgi": "Açu",
    "cd_rgint": "2403",
    "nm_rgint": "Mossoró",
    "cd_uf": "24",
    "nm_uf": "Rio Grande do Norte",
    "sigla_uf": "RN",
    "cd_regia": "2",
    "nm_regia": "Nordeste",
    "sigla_rg": "NE",
    "cd_concu": null,
    "nm_concu": null,
    "area_km2": 203.624,
    "created_at": "2025-08-26T14:18:30.386240",
    "updated_at": "2025-08-26T14:18:30.386240"
  },
  {
    "id_municipio": 1172,
    "cd_mun": "2404903",
    "nm_mun": "Itaú",
    "cd_rgi": "240009",
    "nm_rgi": "Mossoró",
    "cd_rgint": "2403",
    "nm_rgint": "Mossoró",
    "cd_uf": "24",
    "nm_uf": "Rio Grande do Norte",
    "sigla_uf": "RN",
    "cd_regia": "2",
    "nm_regia": "Nordeste",
    "sigla_rg": "NE",
    "cd_concu": null,
    "nm_concu": null,
    "area_km2": 133.031,
    "created_at": "2025-08-26T14:20:11.646400",
    "updated_at": "2025-08-26T14:20:11.646400"
  },
  {
    "id_municipio": 3075,
    "cd_mun": "2405009",
    "nm_mun": "Jaçanã",
    "cd_rgi": "240004",
    "nm_rgi": "Santa Cruz",
    "cd_rgint": "2401",
    "nm_rgint": "Natal",
    "cd_uf": "24",
    "nm_uf": "Rio Grande do Norte",
    "sigla_uf": "RN",
    "cd_regia": "2",
    "nm_regia": "Nordeste",
    "sigla_rg": "NE",
    "cd_concu": null,
    "nm_concu": null,
    "area_km2": 54.561,
    "created_at": "2025-08-26T14:26:59.412073",
    "updated_at": "2025-08-26T14:26:59.412073"
  },
  {
    "id_municipio": 1032,
    "cd_mun": "2405108",
    "nm_mun": "Jandaíra",
    "cd_rgi": "240005",
    "nm_rgi": "João Câmara",
    "cd_rgint": "2401",
    "nm_rgint": "Natal",
    "cd_uf": "24",
    "nm_uf": "Rio Grande do Norte",
    "sigla_uf": "RN",
    "cd_regia": "2",
    "nm_regia": "Nordeste",
    "sigla_rg": "NE",
    "cd_concu": null,
    "nm_concu": null,
    "area_km2": 442.754,
    "created_at": "2025-08-26T14:20:11.646400",
    "updated_at": "2025-08-26T14:20:11.646400"
  },
  {
    "id_municipio": 1558,
    "cd_mun": "2405207",
    "nm_mun": "Janduís",
    "cd_rgi": "240009",
    "nm_rgi": "Mossoró",
    "cd_rgint": "2403",
    "nm_rgint": "Mossoró",
    "cd_uf": "24",
    "nm_uf": "Rio Grande do Norte",
    "sigla_uf": "RN",
    "cd_regia": "2",
    "nm_regia": "Nordeste",
    "sigla_rg": "NE",
    "cd_concu": null,
    "nm_concu": null,
    "area_km2": 303.448,
    "created_at": "2025-08-26T14:21:54.867267",
    "updated_at": "2025-08-26T14:21:54.867267"
  },
  {
    "id_municipio": 5088,
    "cd_mun": "2405306",
    "nm_mun": "Januário Cicco",
    "cd_rgi": "240002",
    "nm_rgi": "Santo Antônio - Passa e Fica - Nova Cruz",
    "cd_rgint": "2401",
    "nm_rgint": "Natal",
    "cd_uf": "24",
    "nm_uf": "Rio Grande do Norte",
    "sigla_uf": "RN",
    "cd_regia": "2",
    "nm_regia": "Nordeste",
    "sigla_rg": "NE",
    "cd_concu": null,
    "nm_concu": null,
    "area_km2": 167.042,
    "created_at": "2025-08-26T14:33:28.234007",
    "updated_at": "2025-08-26T14:33:28.234007"
  },
  {
    "id_municipio": 124,
    "cd_mun": "2405405",
    "nm_mun": "Japi",
    "cd_rgi": "240004",
    "nm_rgi": "Santa Cruz",
    "cd_rgint": "2401",
    "nm_rgint": "Natal",
    "cd_uf": "24",
    "nm_uf": "Rio Grande do Norte",
    "sigla_uf": "RN",
    "cd_regia": "2",
    "nm_regia": "Nordeste",
    "sigla_rg": "NE",
    "cd_concu": null,
    "nm_concu": null,
    "area_km2": 188.99,
    "created_at": "2025-08-26T14:16:49.632282",
    "updated_at": "2025-08-26T14:16:49.632282"
  },
  {
    "id_municipio": 3595,
    "cd_mun": "2405504",
    "nm_mun": "Jardim de Angicos",
    "cd_rgi": "240005",
    "nm_rgi": "João Câmara",
    "cd_rgint": "2401",
    "nm_rgint": "Natal",
    "cd_uf": "24",
    "nm_uf": "Rio Grande do Norte",
    "sigla_uf": "RN",
    "cd_regia": "2",
    "nm_regia": "Nordeste",
    "sigla_rg": "NE",
    "cd_concu": null,
    "nm_concu": null,
    "area_km2": 254.012,
    "created_at": "2025-08-26T14:28:39.681185",
    "updated_at": "2025-08-26T14:28:39.681185"
  },
  {
    "id_municipio": 4198,
    "cd_mun": "2405603",
    "nm_mun": "Jardim de Piranhas",
    "cd_rgi": "240007",
    "nm_rgi": "Caicó",
    "cd_rgint": "2402",
    "nm_rgint": "Caicó",
    "cd_uf": "24",
    "nm_uf": "Rio Grande do Norte",
    "sigla_uf": "RN",
    "cd_regia": "2",
    "nm_regia": "Nordeste",
    "sigla_rg": "NE",
    "cd_concu": null,
    "nm_concu": null,
    "area_km2": 330.53,
    "created_at": "2025-08-26T14:30:16.147650",
    "updated_at": "2025-08-26T14:30:16.147650"
  },
  {
    "id_municipio": 2161,
    "cd_mun": "2405702",
    "nm_mun": "Jardim do Seridó",
    "cd_rgi": "240007",
    "nm_rgi": "Caicó",
    "cd_rgint": "2402",
    "nm_rgint": "Caicó",
    "cd_uf": "24",
    "nm_uf": "Rio Grande do Norte",
    "sigla_uf": "RN",
    "cd_regia": "2",
    "nm_regia": "Nordeste",
    "sigla_rg": "NE",
    "cd_concu": null,
    "nm_concu": null,
    "area_km2": 367.645,
    "created_at": "2025-08-26T14:23:37.304089",
    "updated_at": "2025-08-26T14:23:37.304089"
  },
  {
    "id_municipio": 2728,
    "cd_mun": "2405801",
    "nm_mun": "João Câmara",
    "cd_rgi": "240005",
    "nm_rgi": "João Câmara",
    "cd_rgint": "2401",
    "nm_rgint": "Natal",
    "cd_uf": "24",
    "nm_uf": "Rio Grande do Norte",
    "sigla_uf": "RN",
    "cd_regia": "2",
    "nm_regia": "Nordeste",
    "sigla_rg": "NE",
    "cd_concu": null,
    "nm_concu": null,
    "area_km2": 714.971,
    "created_at": "2025-08-26T14:25:16.599609",
    "updated_at": "2025-08-26T14:25:16.599609"
  },
  {
    "id_municipio": 697,
    "cd_mun": "2405900",
    "nm_mun": "João Dias",
    "cd_rgi": "240010",
    "nm_rgi": "Pau dos Ferros",
    "cd_rgint": "2403",
    "nm_rgint": "Mossoró",
    "cd_uf": "24",
    "nm_uf": "Rio Grande do Norte",
    "sigla_uf": "RN",
    "cd_regia": "2",
    "nm_regia": "Nordeste",
    "sigla_rg": "NE",
    "cd_concu": null,
    "nm_concu": null,
    "area_km2": 88.173,
    "created_at": "2025-08-26T14:18:30.386240",
    "updated_at": "2025-08-26T14:18:30.386240"
  },
  {
    "id_municipio": 3937,
    "cd_mun": "2406007",
    "nm_mun": "José da Penha",
    "cd_rgi": "240010",
    "nm_rgi": "Pau dos Ferros",
    "cd_rgint": "2403",
    "nm_rgint": "Mossoró",
    "cd_uf": "24",
    "nm_uf": "Rio Grande do Norte",
    "sigla_uf": "RN",
    "cd_regia": "2",
    "nm_regia": "Nordeste",
    "sigla_rg": "NE",
    "cd_concu": null,
    "nm_concu": null,
    "area_km2": 117.635,
    "created_at": "2025-08-26T14:28:39.681185",
    "updated_at": "2025-08-26T14:28:39.681185"
  },
  {
    "id_municipio": 4513,
    "cd_mun": "2406106",
    "nm_mun": "Jucurutu",
    "cd_rgi": "240007",
    "nm_rgi": "Caicó",
    "cd_rgint": "2402",
    "nm_rgint": "Caicó",
    "cd_uf": "24",
    "nm_uf": "Rio Grande do Norte",
    "sigla_uf": "RN",
    "cd_regia": "2",
    "nm_regia": "Nordeste",
    "sigla_rg": "NE",
    "cd_concu": null,
    "nm_concu": null,
    "area_km2": 933.73,
    "created_at": "2025-08-26T14:31:56.583430",
    "updated_at": "2025-08-26T14:31:56.583430"
  },
  {
    "id_municipio": 4708,
    "cd_mun": "2406155",
    "nm_mun": "Jundiá",
    "cd_rgi": "240001",
    "nm_rgi": "Natal",
    "cd_rgint": "2401",
    "nm_rgint": "Natal",
    "cd_uf": "24",
    "nm_uf": "Rio Grande do Norte",
    "sigla_uf": "RN",
    "cd_regia": "2",
    "nm_regia": "Nordeste",
    "sigla_rg": "NE",
    "cd_concu": null,
    "nm_concu": null,
    "area_km2": 44.641,
    "created_at": "2025-08-26T14:31:56.583430",
    "updated_at": "2025-08-26T14:31:56.583430"
  },
  {
    "id_municipio": 2483,
    "cd_mun": "2406205",
    "nm_mun": "Lagoa d'Anta",
    "cd_rgi": "240002",
    "nm_rgi": "Santo Antônio - Passa e Fica - Nova Cruz",
    "cd_rgint": "2401",
    "nm_rgint": "Natal",
    "cd_uf": "24",
    "nm_uf": "Rio Grande do Norte",
    "sigla_uf": "RN",
    "cd_regia": "2",
    "nm_regia": "Nordeste",
    "sigla_rg": "NE",
    "cd_concu": null,
    "nm_concu": null,
    "area_km2": 104.065,
    "created_at": "2025-08-26T14:23:37.304089",
    "updated_at": "2025-08-26T14:23:37.304089"
  },
  {
    "id_municipio": 3052,
    "cd_mun": "2406304",
    "nm_mun": "Lagoa de Pedras",
    "cd_rgi": "240002",
    "nm_rgi": "Santo Antônio - Passa e Fica - Nova Cruz",
    "cd_rgint": "2401",
    "nm_rgint": "Natal",
    "cd_uf": "24",
    "nm_uf": "Rio Grande do Norte",
    "sigla_uf": "RN",
    "cd_regia": "2",
    "nm_regia": "Nordeste",
    "sigla_rg": "NE",
    "cd_concu": null,
    "nm_concu": null,
    "area_km2": 117.971,
    "created_at": "2025-08-26T14:26:59.412073",
    "updated_at": "2025-08-26T14:26:59.412073"
  },
  {
    "id_municipio": 1006,
    "cd_mun": "2406403",
    "nm_mun": "Lagoa de Velhos",
    "cd_rgi": "240006",
    "nm_rgi": "São Paulo do Potengi",
    "cd_rgint": "2401",
    "nm_rgint": "Natal",
    "cd_uf": "24",
    "nm_uf": "Rio Grande do Norte",
    "sigla_uf": "RN",
    "cd_regia": "2",
    "nm_regia": "Nordeste",
    "sigla_rg": "NE",
    "cd_concu": null,
    "nm_concu": null,
    "area_km2": 111.607,
    "created_at": "2025-08-26T14:20:11.646400",
    "updated_at": "2025-08-26T14:20:11.646400"
  },
  {
    "id_municipio": 1532,
    "cd_mun": "2406502",
    "nm_mun": "Lagoa Nova",
    "cd_rgi": "240008",
    "nm_rgi": "Currais Novos",
    "cd_rgint": "2402",
    "nm_rgint": "Caicó",
    "cd_uf": "24",
    "nm_uf": "Rio Grande do Norte",
    "sigla_uf": "RN",
    "cd_regia": "2",
    "nm_regia": "Nordeste",
    "sigla_rg": "NE",
    "cd_concu": null,
    "nm_concu": null,
    "area_km2": 176.302,
    "created_at": "2025-08-26T14:21:54.867267",
    "updated_at": "2025-08-26T14:21:54.867267"
  },
  {
    "id_municipio": 5065,
    "cd_mun": "2406601",
    "nm_mun": "Lagoa Salgada",
    "cd_rgi": "240001",
    "nm_rgi": "Natal",
    "cd_rgint": "2401",
    "nm_rgint": "Natal",
    "cd_uf": "24",
    "nm_uf": "Rio Grande do Norte",
    "sigla_uf": "RN",
    "cd_regia": "2",
    "nm_regia": "Nordeste",
    "sigla_rg": "NE",
    "cd_concu": null,
    "nm_concu": null,
    "area_km2": 79.128,
    "created_at": "2025-08-26T14:33:28.234007",
    "updated_at": "2025-08-26T14:33:28.234007"
  },
  {
    "id_municipio": 109,
    "cd_mun": "2406700",
    "nm_mun": "Lajes",
    "cd_rgi": "240011",
    "nm_rgi": "Açu",
    "cd_rgint": "2403",
    "nm_rgint": "Mossoró",
    "cd_uf": "24",
    "nm_uf": "Rio Grande do Norte",
    "sigla_uf": "RN",
    "cd_regia": "2",
    "nm_regia": "Nordeste",
    "sigla_rg": "NE",
    "cd_concu": null,
    "nm_concu": null,
    "area_km2": 676.626,
    "created_at": "2025-08-26T14:16:49.632282",
    "updated_at": "2025-08-26T14:16:49.632282"
  },
  {
    "id_municipio": 3565,
    "cd_mun": "2406809",
    "nm_mun": "Lajes Pintadas",
    "cd_rgi": "240004",
    "nm_rgi": "Santa Cruz",
    "cd_rgint": "2401",
    "nm_rgint": "Natal",
    "cd_uf": "24",
    "nm_uf": "Rio Grande do Norte",
    "sigla_uf": "RN",
    "cd_regia": "2",
    "nm_regia": "Nordeste",
    "sigla_rg": "NE",
    "cd_concu": null,
    "nm_concu": null,
    "area_km2": 130.211,
    "created_at": "2025-08-26T14:28:39.681185",
    "updated_at": "2025-08-26T14:28:39.681185"
  },
  {
    "id_municipio": 4155,
    "cd_mun": "2406908",
    "nm_mun": "Lucrécia",
    "cd_rgi": "240010",
    "nm_rgi": "Pau dos Ferros",
    "cd_rgint": "2403",
    "nm_rgint": "Mossoró",
    "cd_uf": "24",
    "nm_uf": "Rio Grande do Norte",
    "sigla_uf": "RN",
    "cd_regia": "2",
    "nm_regia": "Nordeste",
    "sigla_rg": "NE",
    "cd_concu": null,
    "nm_concu": null,
    "area_km2": 30.931,
    "created_at": "2025-08-26T14:30:16.147650",
    "updated_at": "2025-08-26T14:30:16.147650"
  },
  {
    "id_municipio": 1771,
    "cd_mun": "2407005",
    "nm_mun": "Luís Gomes",
    "cd_rgi": "240010",
    "nm_rgi": "Pau dos Ferros",
    "cd_rgint": "2403",
    "nm_rgint": "Mossoró",
    "cd_uf": "24",
    "nm_uf": "Rio Grande do Norte",
    "sigla_uf": "RN",
    "cd_regia": "2",
    "nm_regia": "Nordeste",
    "sigla_rg": "NE",
    "cd_concu": null,
    "nm_concu": null,
    "area_km2": 166.638,
    "created_at": "2025-08-26T14:21:54.867267",
    "updated_at": "2025-08-26T14:21:54.867267"
  },
  {
    "id_municipio": 5112,
    "cd_mun": "2407104",
    "nm_mun": "Macaíba",
    "cd_rgi": "240001",
    "nm_rgi": "Natal",
    "cd_rgint": "2401",
    "nm_rgint": "Natal",
    "cd_uf": "24",
    "nm_uf": "Rio Grande do Norte",
    "sigla_uf": "RN",
    "cd_regia": "2",
    "nm_regia": "Nordeste",
    "sigla_rg": "NE",
    "cd_concu": "2408102",
    "nm_concu": "Natal/RN",
    "area_km2": 510.092,
    "created_at": "2025-08-26T14:33:28.234007",
    "updated_at": "2025-08-26T14:33:28.234007"
  },
  {
    "id_municipio": 305,
    "cd_mun": "2407203",
    "nm_mun": "Macau",
    "cd_rgi": "240011",
    "nm_rgi": "Açu",
    "cd_rgint": "2403",
    "nm_rgint": "Mossoró",
    "cd_uf": "24",
    "nm_uf": "Rio Grande do Norte",
    "sigla_uf": "RN",
    "cd_regia": "2",
    "nm_regia": "Nordeste",
    "sigla_rg": "NE",
    "cd_concu": null,
    "nm_concu": null,
    "area_km2": 775.302,
    "created_at": "2025-08-26T14:16:49.632282",
    "updated_at": "2025-08-26T14:16:49.632282"
  },
  {
    "id_municipio": 379,
    "cd_mun": "2407252",
    "nm_mun": "Major Sales",
    "cd_rgi": "240010",
    "nm_rgi": "Pau dos Ferros",
    "cd_rgint": "2403",
    "nm_rgint": "Mossoró",
    "cd_uf": "24",
    "nm_uf": "Rio Grande do Norte",
    "sigla_uf": "RN",
    "cd_regia": "2",
    "nm_regia": "Nordeste",
    "sigla_rg": "NE",
    "cd_concu": null,
    "nm_concu": null,
    "area_km2": 31.971,
    "created_at": "2025-08-26T14:16:49.632282",
    "updated_at": "2025-08-26T14:16:49.632282"
  },
  {
    "id_municipio": 3615,
    "cd_mun": "2407302",
    "nm_mun": "Marcelino Vieira",
    "cd_rgi": "240010",
    "nm_rgi": "Pau dos Ferros",
    "cd_rgint": "2403",
    "nm_rgint": "Mossoró",
    "cd_uf": "24",
    "nm_uf": "Rio Grande do Norte",
    "sigla_uf": "RN",
    "cd_regia": "2",
    "nm_regia": "Nordeste",
    "sigla_rg": "NE",
    "cd_concu": null,
    "nm_concu": null,
    "area_km2": 345.711,
    "created_at": "2025-08-26T14:28:39.681185",
    "updated_at": "2025-08-26T14:28:39.681185"
  },
  {
    "id_municipio": 4383,
    "cd_mun": "2407401",
    "nm_mun": "Martins",
    "cd_rgi": "240010",
    "nm_rgi": "Pau dos Ferros",
    "cd_rgint": "2403",
    "nm_rgint": "Mossoró",
    "cd_uf": "24",
    "nm_uf": "Rio Grande do Norte",
    "sigla_uf": "RN",
    "cd_regia": "2",
    "nm_regia": "Nordeste",
    "sigla_rg": "NE",
    "cd_concu": null,
    "nm_concu": null,
    "area_km2": 169.464,
    "created_at": "2025-08-26T14:30:16.147650",
    "updated_at": "2025-08-26T14:30:16.147650"
  },
  {
    "id_municipio": 2187,
    "cd_mun": "2407500",
    "nm_mun": "Maxaranguape",
    "cd_rgi": "240001",
    "nm_rgi": "Natal",
    "cd_rgint": "2401",
    "nm_rgint": "Natal",
    "cd_uf": "24",
    "nm_uf": "Rio Grande do Norte",
    "sigla_uf": "RN",
    "cd_regia": "2",
    "nm_regia": "Nordeste",
    "sigla_rg": "NE",
    "cd_concu": null,
    "nm_concu": null,
    "area_km2": 132.129,
    "created_at": "2025-08-26T14:23:37.304089",
    "updated_at": "2025-08-26T14:23:37.304089"
  },
  {
    "id_municipio": 2929,
    "cd_mun": "2407609",
    "nm_mun": "Messias Targino",
    "cd_rgi": "240009",
    "nm_rgi": "Mossoró",
    "cd_rgint": "2403",
    "nm_rgint": "Mossoró",
    "cd_uf": "24",
    "nm_uf": "Rio Grande do Norte",
    "sigla_uf": "RN",
    "cd_regia": "2",
    "nm_regia": "Nordeste",
    "sigla_rg": "NE",
    "cd_concu": null,
    "nm_concu": null,
    "area_km2": 142.608,
    "created_at": "2025-08-26T14:25:16.599609",
    "updated_at": "2025-08-26T14:25:16.599609"
  },
  {
    "id_municipio": 720,
    "cd_mun": "2407708",
    "nm_mun": "Montanhas",
    "cd_rgi": "240003",
    "nm_rgi": "Canguaretama",
    "cd_rgint": "2401",
    "nm_rgint": "Natal",
    "cd_uf": "24",
    "nm_uf": "Rio Grande do Norte",
    "sigla_uf": "RN",
    "cd_regia": "2",
    "nm_regia": "Nordeste",
    "sigla_rg": "NE",
    "cd_concu": null,
    "nm_concu": null,
    "area_km2": 82.214,
    "created_at": "2025-08-26T14:18:30.386240",
    "updated_at": "2025-08-26T14:18:30.386240"
  },
  {
    "id_municipio": 1417,
    "cd_mun": "2407807",
    "nm_mun": "Monte Alegre",
    "cd_rgi": "240001",
    "nm_rgi": "Natal",
    "cd_rgint": "2401",
    "nm_rgint": "Natal",
    "cd_uf": "24",
    "nm_uf": "Rio Grande do Norte",
    "sigla_uf": "RN",
    "cd_regia": "2",
    "nm_regia": "Nordeste",
    "sigla_rg": "NE",
    "cd_concu": null,
    "nm_concu": null,
    "area_km2": 211.259,
    "created_at": "2025-08-26T14:20:11.646400",
    "updated_at": "2025-08-26T14:20:11.646400"
  },
  {
    "id_municipio": 4801,
    "cd_mun": "2407906",
    "nm_mun": "Monte das Gameleiras",
    "cd_rgi": "240002",
    "nm_rgi": "Santo Antônio - Passa e Fica - Nova Cruz",
    "cd_rgint": "2401",
    "nm_rgint": "Natal",
    "cd_uf": "24",
    "nm_uf": "Rio Grande do Norte",
    "sigla_uf": "RN",
    "cd_regia": "2",
    "nm_regia": "Nordeste",
    "sigla_rg": "NE",
    "cd_concu": null,
    "nm_concu": null,
    "area_km2": 71.946,
    "created_at": "2025-08-26T14:31:56.583430",
    "updated_at": "2025-08-26T14:31:56.583430"
  },
  {
    "id_municipio": 2509,
    "cd_mun": "2408003",
    "nm_mun": "Mossoró",
    "cd_rgi": "240009",
    "nm_rgi": "Mossoró",
    "cd_rgint": "2403",
    "nm_rgint": "Mossoró",
    "cd_uf": "24",
    "nm_uf": "Rio Grande do Norte",
    "sigla_uf": "RN",
    "cd_regia": "2",
    "nm_regia": "Nordeste",
    "sigla_rg": "NE",
    "cd_concu": "2408003",
    "nm_concu": "Mossoró",
    "area_km2": 2099.334,
    "created_at": "2025-08-26T14:25:16.599609",
    "updated_at": "2025-08-26T14:25:16.599609"
  },
  {
    "id_municipio": 3249,
    "cd_mun": "2408102",
    "nm_mun": "Natal",
    "cd_rgi": "240001",
    "nm_rgi": "Natal",
    "cd_rgint": "2401",
    "nm_rgint": "Natal",
    "cd_uf": "24",
    "nm_uf": "Rio Grande do Norte",
    "sigla_uf": "RN",
    "cd_regia": "2",
    "nm_regia": "Nordeste",
    "sigla_rg": "NE",
    "cd_concu": "2408102",
    "nm_concu": "Natal/RN",
    "area_km2": 167.401,
    "created_at": "2025-08-26T14:26:59.412073",
    "updated_at": "2025-08-26T14:26:59.412073"
  },
  {
    "id_municipio": 1033,
    "cd_mun": "2408201",
    "nm_mun": "Nísia Floresta",
    "cd_rgi": "240001",
    "nm_rgi": "Natal",
    "cd_rgint": "2401",
    "nm_rgint": "Natal",
    "cd_uf": "24",
    "nm_uf": "Rio Grande do Norte",
    "sigla_uf": "RN",
    "cd_regia": "2",
    "nm_regia": "Nordeste",
    "sigla_rg": "NE",
    "cd_concu": null,
    "nm_concu": null,
    "area_km2": 307.719,
    "created_at": "2025-08-26T14:20:11.646400",
    "updated_at": "2025-08-26T14:20:11.646400"
  },
  {
    "id_municipio": 1758,
    "cd_mun": "2408300",
    "nm_mun": "Nova Cruz",
    "cd_rgi": "240002",
    "nm_rgi": "Santo Antônio - Passa e Fica - Nova Cruz",
    "cd_rgint": "2401",
    "nm_rgint": "Natal",
    "cd_uf": "24",
    "nm_uf": "Rio Grande do Norte",
    "sigla_uf": "RN",
    "cd_regia": "2",
    "nm_regia": "Nordeste",
    "sigla_rg": "NE",
    "cd_concu": null,
    "nm_concu": null,
    "area_km2": 277.319,
    "created_at": "2025-08-26T14:21:54.867267",
    "updated_at": "2025-08-26T14:21:54.867267"
  },
  {
    "id_municipio": 5095,
    "cd_mun": "2408409",
    "nm_mun": "Olho d'Água do Borges",
    "cd_rgi": "240010",
    "nm_rgi": "Pau dos Ferros",
    "cd_rgint": "2403",
    "nm_rgint": "Mossoró",
    "cd_uf": "24",
    "nm_uf": "Rio Grande do Norte",
    "sigla_uf": "RN",
    "cd_regia": "2",
    "nm_regia": "Nordeste",
    "sigla_rg": "NE",
    "cd_concu": null,
    "nm_concu": null,
    "area_km2": 136.393,
    "created_at": "2025-08-26T14:33:28.234007",
    "updated_at": "2025-08-26T14:33:28.234007"
  },
  {
    "id_municipio": 294,
    "cd_mun": "2408508",
    "nm_mun": "Ouro Branco",
    "cd_rgi": "240007",
    "nm_rgi": "Caicó",
    "cd_rgint": "2402",
    "nm_rgint": "Caicó",
    "cd_uf": "24",
    "nm_uf": "Rio Grande do Norte",
    "sigla_uf": "RN",
    "cd_regia": "2",
    "nm_regia": "Nordeste",
    "sigla_rg": "NE",
    "cd_concu": null,
    "nm_concu": null,
    "area_km2": 253.21,
    "created_at": "2025-08-26T14:16:49.632282",
    "updated_at": "2025-08-26T14:16:49.632282"
  },
  {
    "id_municipio": 3600,
    "cd_mun": "2408607",
    "nm_mun": "Paraná",
    "cd_rgi": "240010",
    "nm_rgi": "Pau dos Ferros",
    "cd_rgint": "2403",
    "nm_rgint": "Mossoró",
    "cd_uf": "24",
    "nm_uf": "Rio Grande do Norte",
    "sigla_uf": "RN",
    "cd_regia": "2",
    "nm_regia": "Nordeste",
    "sigla_rg": "NE",
    "cd_concu": null,
    "nm_concu": null,
    "area_km2": 81.39,
    "created_at": "2025-08-26T14:28:39.681185",
    "updated_at": "2025-08-26T14:28:39.681185"
  },
  {
    "id_municipio": 4369,
    "cd_mun": "2408706",
    "nm_mun": "Paraú",
    "cd_rgi": "240011",
    "nm_rgi": "Açu",
    "cd_rgint": "2403",
    "nm_rgint": "Mossoró",
    "cd_uf": "24",
    "nm_uf": "Rio Grande do Norte",
    "sigla_uf": "RN",
    "cd_regia": "2",
    "nm_regia": "Nordeste",
    "sigla_rg": "NE",
    "cd_concu": null,
    "nm_concu": null,
    "area_km2": 383.214,
    "created_at": "2025-08-26T14:30:16.147650",
    "updated_at": "2025-08-26T14:30:16.147650"
  },
  {
    "id_municipio": 2166,
    "cd_mun": "2408805",
    "nm_mun": "Parazinho",
    "cd_rgi": "240005",
    "nm_rgi": "João Câmara",
    "cd_rgint": "2401",
    "nm_rgint": "Natal",
    "cd_uf": "24",
    "nm_uf": "Rio Grande do Norte",
    "sigla_uf": "RN",
    "cd_regia": "2",
    "nm_regia": "Nordeste",
    "sigla_rg": "NE",
    "cd_concu": null,
    "nm_concu": null,
    "area_km2": 231.007,
    "created_at": "2025-08-26T14:23:37.304089",
    "updated_at": "2025-08-26T14:23:37.304089"
  },
  {
    "id_municipio": 2910,
    "cd_mun": "2408904",
    "nm_mun": "Parelhas",
    "cd_rgi": "240007",
    "nm_rgi": "Caicó",
    "cd_rgint": "2402",
    "nm_rgint": "Caicó",
    "cd_uf": "24",
    "nm_uf": "Rio Grande do Norte",
    "sigla_uf": "RN",
    "cd_regia": "2",
    "nm_regia": "Nordeste",
    "sigla_rg": "NE",
    "cd_concu": null,
    "nm_concu": null,
    "area_km2": 513.507,
    "created_at": "2025-08-26T14:25:16.599609",
    "updated_at": "2025-08-26T14:25:16.599609"
  },
  {
    "id_municipio": 4256,
    "cd_mun": "2403251",
    "nm_mun": "Parnamirim",
    "cd_rgi": "240001",
    "nm_rgi": "Natal",
    "cd_rgint": "2401",
    "nm_rgint": "Natal",
    "cd_uf": "24",
    "nm_uf": "Rio Grande do Norte",
    "sigla_uf": "RN",
    "cd_regia": "2",
    "nm_regia": "Nordeste",
    "sigla_rg": "NE",
    "cd_concu": "2408102",
    "nm_concu": "Natal/RN",
    "area_km2": 124.006,
    "created_at": "2025-08-26T14:30:16.147650",
    "updated_at": "2025-08-26T14:30:16.147650"
  },
  {
    "id_municipio": 4100,
    "cd_mun": "2409100",
    "nm_mun": "Passa e Fica",
    "cd_rgi": "240002",
    "nm_rgi": "Santo Antônio - Passa e Fica - Nova Cruz",
    "cd_rgint": "2401",
    "nm_rgint": "Natal",
    "cd_uf": "24",
    "nm_uf": "Rio Grande do Norte",
    "sigla_uf": "RN",
    "cd_regia": "2",
    "nm_regia": "Nordeste",
    "sigla_rg": "NE",
    "cd_concu": null,
    "nm_concu": null,
    "area_km2": 44.105,
    "created_at": "2025-08-26T14:30:16.147650",
    "updated_at": "2025-08-26T14:30:16.147650"
  },
  {
    "id_municipio": 4797,
    "cd_mun": "2409209",
    "nm_mun": "Passagem",
    "cd_rgi": "240002",
    "nm_rgi": "Santo Antônio - Passa e Fica - Nova Cruz",
    "cd_rgint": "2401",
    "nm_rgint": "Natal",
    "cd_uf": "24",
    "nm_uf": "Rio Grande do Norte",
    "sigla_uf": "RN",
    "cd_regia": "2",
    "nm_regia": "Nordeste",
    "sigla_rg": "NE",
    "cd_concu": null,
    "nm_concu": null,
    "area_km2": 41.215,
    "created_at": "2025-08-26T14:31:56.583430",
    "updated_at": "2025-08-26T14:31:56.583430"
  },
  {
    "id_municipio": 2768,
    "cd_mun": "2409308",
    "nm_mun": "Patu",
    "cd_rgi": "240010",
    "nm_rgi": "Pau dos Ferros",
    "cd_rgint": "2403",
    "nm_rgint": "Mossoró",
    "cd_uf": "24",
    "nm_uf": "Rio Grande do Norte",
    "sigla_uf": "RN",
    "cd_regia": "2",
    "nm_regia": "Nordeste",
    "sigla_rg": "NE",
    "cd_concu": null,
    "nm_concu": null,
    "area_km2": 319.135,
    "created_at": "2025-08-26T14:25:16.599609",
    "updated_at": "2025-08-26T14:25:16.599609"
  },
  {
    "id_municipio": 3340,
    "cd_mun": "2409407",
    "nm_mun": "Pau dos Ferros",
    "cd_rgi": "240010",
    "nm_rgi": "Pau dos Ferros",
    "cd_rgint": "2403",
    "nm_rgint": "Mossoró",
    "cd_uf": "24",
    "nm_uf": "Rio Grande do Norte",
    "sigla_uf": "RN",
    "cd_regia": "2",
    "nm_regia": "Nordeste",
    "sigla_rg": "NE",
    "cd_concu": null,
    "nm_concu": null,
    "area_km2": 259.959,
    "created_at": "2025-08-26T14:26:59.412073",
    "updated_at": "2025-08-26T14:26:59.412073"
  },
  {
    "id_municipio": 1280,
    "cd_mun": "2409506",
    "nm_mun": "Pedra Grande",
    "cd_rgi": "240005",
    "nm_rgi": "João Câmara",
    "cd_rgint": "2401",
    "nm_rgint": "Natal",
    "cd_uf": "24",
    "nm_uf": "Rio Grande do Norte",
    "sigla_uf": "RN",
    "cd_regia": "2",
    "nm_regia": "Nordeste",
    "sigla_rg": "NE",
    "cd_concu": null,
    "nm_concu": null,
    "area_km2": 221.167,
    "created_at": "2025-08-26T14:20:11.646400",
    "updated_at": "2025-08-26T14:20:11.646400"
  },
  {
    "id_municipio": 1841,
    "cd_mun": "2409605",
    "nm_mun": "Pedra Preta",
    "cd_rgi": "240005",
    "nm_rgi": "João Câmara",
    "cd_rgint": "2401",
    "nm_rgint": "Natal",
    "cd_uf": "24",
    "nm_uf": "Rio Grande do Norte",
    "sigla_uf": "RN",
    "cd_regia": "2",
    "nm_regia": "Nordeste",
    "sigla_rg": "NE",
    "cd_concu": null,
    "nm_concu": null,
    "area_km2": 294.985,
    "created_at": "2025-08-26T14:21:54.867267",
    "updated_at": "2025-08-26T14:21:54.867267"
  },
  {
    "id_municipio": 5367,
    "cd_mun": "2409704",
    "nm_mun": "Pedro Avelino",
    "cd_rgi": "240005",
    "nm_rgi": "João Câmara",
    "cd_rgint": "2401",
    "nm_rgint": "Natal",
    "cd_uf": "24",
    "nm_uf": "Rio Grande do Norte",
    "sigla_uf": "RN",
    "cd_regia": "2",
    "nm_regia": "Nordeste",
    "sigla_rg": "NE",
    "cd_concu": null,
    "nm_concu": null,
    "area_km2": 952.755,
    "created_at": "2025-08-26T14:33:28.234007",
    "updated_at": "2025-08-26T14:33:28.234007"
  },
  {
    "id_municipio": 366,
    "cd_mun": "2409803",
    "nm_mun": "Pedro Velho",
    "cd_rgi": "240003",
    "nm_rgi": "Canguaretama",
    "cd_rgint": "2401",
    "nm_rgint": "Natal",
    "cd_uf": "24",
    "nm_uf": "Rio Grande do Norte",
    "sigla_uf": "RN",
    "cd_regia": "2",
    "nm_regia": "Nordeste",
    "sigla_rg": "NE",
    "cd_concu": null,
    "nm_concu": null,
    "area_km2": 192.708,
    "created_at": "2025-08-26T14:16:49.632282",
    "updated_at": "2025-08-26T14:16:49.632282"
  },
  {
    "id_municipio": 3885,
    "cd_mun": "2409902",
    "nm_mun": "Pendências",
    "cd_rgi": "240011",
    "nm_rgi": "Açu",
    "cd_rgint": "2403",
    "nm_rgint": "Mossoró",
    "cd_uf": "24",
    "nm_uf": "Rio Grande do Norte",
    "sigla_uf": "RN",
    "cd_regia": "2",
    "nm_regia": "Nordeste",
    "sigla_rg": "NE",
    "cd_concu": null,
    "nm_concu": null,
    "area_km2": 419.137,
    "created_at": "2025-08-26T14:28:39.681185",
    "updated_at": "2025-08-26T14:28:39.681185"
  },
  {
    "id_municipio": 2943,
    "cd_mun": "2410009",
    "nm_mun": "Pilões",
    "cd_rgi": "240010",
    "nm_rgi": "Pau dos Ferros",
    "cd_rgint": "2403",
    "nm_rgint": "Mossoró",
    "cd_uf": "24",
    "nm_uf": "Rio Grande do Norte",
    "sigla_uf": "RN",
    "cd_regia": "2",
    "nm_regia": "Nordeste",
    "sigla_rg": "NE",
    "cd_concu": null,
    "nm_concu": null,
    "area_km2": 82.69,
    "created_at": "2025-08-26T14:25:16.599609",
    "updated_at": "2025-08-26T14:25:16.599609"
  },
  {
    "id_municipio": 3646,
    "cd_mun": "2410108",
    "nm_mun": "Poço Branco",
    "cd_rgi": "240001",
    "nm_rgi": "Natal",
    "cd_rgint": "2401",
    "nm_rgint": "Natal",
    "cd_uf": "24",
    "nm_uf": "Rio Grande do Norte",
    "sigla_uf": "RN",
    "cd_regia": "2",
    "nm_regia": "Nordeste",
    "sigla_rg": "NE",
    "cd_concu": null,
    "nm_concu": null,
    "area_km2": 230.401,
    "created_at": "2025-08-26T14:28:39.681185",
    "updated_at": "2025-08-26T14:28:39.681185"
  },
  {
    "id_municipio": 4247,
    "cd_mun": "2410207",
    "nm_mun": "Portalegre",
    "cd_rgi": "240010",
    "nm_rgi": "Pau dos Ferros",
    "cd_rgint": "2403",
    "nm_rgint": "Mossoró",
    "cd_uf": "24",
    "nm_uf": "Rio Grande do Norte",
    "sigla_uf": "RN",
    "cd_regia": "2",
    "nm_regia": "Nordeste",
    "sigla_rg": "NE",
    "cd_concu": null,
    "nm_concu": null,
    "area_km2": 110.054,
    "created_at": "2025-08-26T14:30:16.147650",
    "updated_at": "2025-08-26T14:30:16.147650"
  },
  {
    "id_municipio": 1677,
    "cd_mun": "2410256",
    "nm_mun": "Porto do Mangue",
    "cd_rgi": "240011",
    "nm_rgi": "Açu",
    "cd_rgint": "2403",
    "nm_rgint": "Mossoró",
    "cd_uf": "24",
    "nm_uf": "Rio Grande do Norte",
    "sigla_uf": "RN",
    "cd_regia": "2",
    "nm_regia": "Nordeste",
    "sigla_rg": "NE",
    "cd_concu": null,
    "nm_concu": null,
    "area_km2": 361.237,
    "created_at": "2025-08-26T14:21:54.867267",
    "updated_at": "2025-08-26T14:21:54.867267"
  },
  {
    "id_municipio": 2787,
    "cd_mun": "2410405",
    "nm_mun": "Pureza",
    "cd_rgi": "240001",
    "nm_rgi": "Natal",
    "cd_rgint": "2401",
    "nm_rgint": "Natal",
    "cd_uf": "24",
    "nm_uf": "Rio Grande do Norte",
    "sigla_uf": "RN",
    "cd_regia": "2",
    "nm_regia": "Nordeste",
    "sigla_rg": "NE",
    "cd_concu": null,
    "nm_concu": null,
    "area_km2": 504.294,
    "created_at": "2025-08-26T14:25:16.599609",
    "updated_at": "2025-08-26T14:25:16.599609"
  },
  {
    "id_municipio": 753,
    "cd_mun": "2410504",
    "nm_mun": "Rafael Fernandes",
    "cd_rgi": "240010",
    "nm_rgi": "Pau dos Ferros",
    "cd_rgint": "2403",
    "nm_rgint": "Mossoró",
    "cd_uf": "24",
    "nm_uf": "Rio Grande do Norte",
    "sigla_uf": "RN",
    "cd_regia": "2",
    "nm_regia": "Nordeste",
    "sigla_rg": "NE",
    "cd_concu": null,
    "nm_concu": null,
    "area_km2": 78.231,
    "created_at": "2025-08-26T14:18:30.386240",
    "updated_at": "2025-08-26T14:18:30.386240"
  },
  {
    "id_municipio": 1302,
    "cd_mun": "2410603",
    "nm_mun": "Rafael Godeiro",
    "cd_rgi": "240010",
    "nm_rgi": "Pau dos Ferros",
    "cd_rgint": "2403",
    "nm_rgint": "Mossoró",
    "cd_uf": "24",
    "nm_uf": "Rio Grande do Norte",
    "sigla_uf": "RN",
    "cd_regia": "2",
    "nm_regia": "Nordeste",
    "sigla_rg": "NE",
    "cd_concu": null,
    "nm_concu": null,
    "area_km2": 100.073,
    "created_at": "2025-08-26T14:20:11.646400",
    "updated_at": "2025-08-26T14:20:11.646400"
  },
  {
    "id_municipio": 4829,
    "cd_mun": "2410702",
    "nm_mun": "Riacho da Cruz",
    "cd_rgi": "240010",
    "nm_rgi": "Pau dos Ferros",
    "cd_rgint": "2403",
    "nm_rgint": "Mossoró",
    "cd_uf": "24",
    "nm_uf": "Rio Grande do Norte",
    "sigla_uf": "RN",
    "cd_regia": "2",
    "nm_regia": "Nordeste",
    "sigla_rg": "NE",
    "cd_concu": null,
    "nm_concu": null,
    "area_km2": 127.223,
    "created_at": "2025-08-26T14:31:56.583430",
    "updated_at": "2025-08-26T14:31:56.583430"
  },
  {
    "id_municipio": 5385,
    "cd_mun": "2410801",
    "nm_mun": "Riacho de Santana",
    "cd_rgi": "240010",
    "nm_rgi": "Pau dos Ferros",
    "cd_rgint": "2403",
    "nm_rgint": "Mossoró",
    "cd_uf": "24",
    "nm_uf": "Rio Grande do Norte",
    "sigla_uf": "RN",
    "cd_regia": "2",
    "nm_regia": "Nordeste",
    "sigla_rg": "NE",
    "cd_concu": null,
    "nm_concu": null,
    "area_km2": 128.106,
    "created_at": "2025-08-26T14:33:28.234007",
    "updated_at": "2025-08-26T14:33:28.234007"
  },
  {
    "id_municipio": 3356,
    "cd_mun": "2410900",
    "nm_mun": "Riachuelo",
    "cd_rgi": "240006",
    "nm_rgi": "São Paulo do Potengi",
    "cd_rgint": "2401",
    "nm_rgint": "Natal",
    "cd_uf": "24",
    "nm_uf": "Rio Grande do Norte",
    "sigla_uf": "RN",
    "cd_regia": "2",
    "nm_regia": "Nordeste",
    "sigla_rg": "NE",
    "cd_concu": null,
    "nm_concu": null,
    "area_km2": 262.887,
    "created_at": "2025-08-26T14:26:59.412073",
    "updated_at": "2025-08-26T14:26:59.412073"
  },
  {
    "id_municipio": 2922,
    "cd_mun": "2408953",
    "nm_mun": "Rio do Fogo",
    "cd_rgi": "240001",
    "nm_rgi": "Natal",
    "cd_rgint": "2401",
    "nm_rgint": "Natal",
    "cd_uf": "24",
    "nm_uf": "Rio Grande do Norte",
    "sigla_uf": "RN",
    "cd_regia": "2",
    "nm_regia": "Nordeste",
    "sigla_rg": "NE",
    "cd_concu": null,
    "nm_concu": null,
    "area_km2": 151.097,
    "created_at": "2025-08-26T14:25:16.599609",
    "updated_at": "2025-08-26T14:25:16.599609"
  },
  {
    "id_municipio": 976,
    "cd_mun": "2411007",
    "nm_mun": "Rodolfo Fernandes",
    "cd_rgi": "240009",
    "nm_rgi": "Mossoró",
    "cd_rgint": "2403",
    "nm_rgint": "Mossoró",
    "cd_uf": "24",
    "nm_uf": "Rio Grande do Norte",
    "sigla_uf": "RN",
    "cd_regia": "2",
    "nm_regia": "Nordeste",
    "sigla_rg": "NE",
    "cd_concu": null,
    "nm_concu": null,
    "area_km2": 154.84,
    "created_at": "2025-08-26T14:18:30.386240",
    "updated_at": "2025-08-26T14:18:30.386240"
  },
  {
    "id_municipio": 4494,
    "cd_mun": "2411106",
    "nm_mun": "Ruy Barbosa",
    "cd_rgi": "240006",
    "nm_rgi": "São Paulo do Potengi",
    "cd_rgint": "2401",
    "nm_rgint": "Natal",
    "cd_uf": "24",
    "nm_uf": "Rio Grande do Norte",
    "sigla_uf": "RN",
    "cd_regia": "2",
    "nm_regia": "Nordeste",
    "sigla_rg": "NE",
    "cd_concu": null,
    "nm_concu": null,
    "area_km2": 125.809,
    "created_at": "2025-08-26T14:30:16.147650",
    "updated_at": "2025-08-26T14:30:16.147650"
  },
  {
    "id_municipio": 5045,
    "cd_mun": "2411205",
    "nm_mun": "Santa Cruz",
    "cd_rgi": "240004",
    "nm_rgi": "Santa Cruz",
    "cd_rgint": "2401",
    "nm_rgint": "Natal",
    "cd_uf": "24",
    "nm_uf": "Rio Grande do Norte",
    "sigla_uf": "RN",
    "cd_regia": "2",
    "nm_regia": "Nordeste",
    "sigla_rg": "NE",
    "cd_concu": null,
    "nm_concu": null,
    "area_km2": 624.356,
    "created_at": "2025-08-26T14:33:28.234007",
    "updated_at": "2025-08-26T14:33:28.234007"
  },
  {
    "id_municipio": 2732,
    "cd_mun": "2409332",
    "nm_mun": "Santa Maria",
    "cd_rgi": "240006",
    "nm_rgi": "São Paulo do Potengi",
    "cd_rgint": "2401",
    "nm_rgint": "Natal",
    "cd_uf": "24",
    "nm_uf": "Rio Grande do Norte",
    "sigla_uf": "RN",
    "cd_regia": "2",
    "nm_regia": "Nordeste",
    "sigla_rg": "NE",
    "cd_concu": null,
    "nm_concu": null,
    "area_km2": 219.57,
    "created_at": "2025-08-26T14:25:16.599609",
    "updated_at": "2025-08-26T14:25:16.599609"
  },
  {
    "id_municipio": 3554,
    "cd_mun": "2411403",
    "nm_mun": "Santana do Matos",
    "cd_rgi": "240011",
    "nm_rgi": "Açu",
    "cd_rgint": "2403",
    "nm_rgint": "Mossoró",
    "cd_uf": "24",
    "nm_uf": "Rio Grande do Norte",
    "sigla_uf": "RN",
    "cd_regia": "2",
    "nm_regia": "Nordeste",
    "sigla_rg": "NE",
    "cd_concu": null,
    "nm_concu": null,
    "area_km2": 1422.268,
    "created_at": "2025-08-26T14:28:39.681185",
    "updated_at": "2025-08-26T14:28:39.681185"
  },
  {
    "id_municipio": 3678,
    "cd_mun": "2411429",
    "nm_mun": "Santana do Seridó",
    "cd_rgi": "240007",
    "nm_rgi": "Caicó",
    "cd_rgint": "2402",
    "nm_rgint": "Caicó",
    "cd_uf": "24",
    "nm_uf": "Rio Grande do Norte",
    "sigla_uf": "RN",
    "cd_regia": "2",
    "nm_regia": "Nordeste",
    "sigla_rg": "NE",
    "cd_concu": null,
    "nm_concu": null,
    "area_km2": 188.403,
    "created_at": "2025-08-26T14:28:39.681185",
    "updated_at": "2025-08-26T14:28:39.681185"
  },
  {
    "id_municipio": 4330,
    "cd_mun": "2411502",
    "nm_mun": "Santo Antônio",
    "cd_rgi": "240002",
    "nm_rgi": "Santo Antônio - Passa e Fica - Nova Cruz",
    "cd_rgint": "2401",
    "nm_rgint": "Natal",
    "cd_uf": "24",
    "nm_uf": "Rio Grande do Norte",
    "sigla_uf": "RN",
    "cd_regia": "2",
    "nm_regia": "Nordeste",
    "sigla_rg": "NE",
    "cd_concu": null,
    "nm_concu": null,
    "area_km2": 301.082,
    "created_at": "2025-08-26T14:30:16.147650",
    "updated_at": "2025-08-26T14:30:16.147650"
  },
  {
    "id_municipio": 2102,
    "cd_mun": "2411601",
    "nm_mun": "São Bento do Norte",
    "cd_rgi": "240005",
    "nm_rgi": "João Câmara",
    "cd_rgint": "2401",
    "nm_rgint": "Natal",
    "cd_uf": "24",
    "nm_uf": "Rio Grande do Norte",
    "sigla_uf": "RN",
    "cd_regia": "2",
    "nm_regia": "Nordeste",
    "sigla_rg": "NE",
    "cd_concu": null,
    "nm_concu": null,
    "area_km2": 288.761,
    "created_at": "2025-08-26T14:23:37.304089",
    "updated_at": "2025-08-26T14:23:37.304089"
  },
  {
    "id_municipio": 2868,
    "cd_mun": "2411700",
    "nm_mun": "São Bento do Trairí",
    "cd_rgi": "240004",
    "nm_rgi": "Santa Cruz",
    "cd_rgint": "2401",
    "nm_rgint": "Natal",
    "cd_uf": "24",
    "nm_uf": "Rio Grande do Norte",
    "sigla_uf": "RN",
    "cd_regia": "2",
    "nm_regia": "Nordeste",
    "sigla_rg": "NE",
    "cd_concu": null,
    "nm_concu": null,
    "area_km2": 190.818,
    "created_at": "2025-08-26T14:25:16.599609",
    "updated_at": "2025-08-26T14:25:16.599609"
  },
  {
    "id_municipio": 641,
    "cd_mun": "2411809",
    "nm_mun": "São Fernando",
    "cd_rgi": "240007",
    "nm_rgi": "Caicó",
    "cd_rgint": "2402",
    "nm_rgint": "Caicó",
    "cd_uf": "24",
    "nm_uf": "Rio Grande do Norte",
    "sigla_uf": "RN",
    "cd_regia": "2",
    "nm_regia": "Nordeste",
    "sigla_rg": "NE",
    "cd_concu": null,
    "nm_concu": null,
    "area_km2": 404.427,
    "created_at": "2025-08-26T14:18:30.386240",
    "updated_at": "2025-08-26T14:18:30.386240"
  },
  {
    "id_municipio": 1361,
    "cd_mun": "2411908",
    "nm_mun": "São Francisco do Oeste",
    "cd_rgi": "240010",
    "nm_rgi": "Pau dos Ferros",
    "cd_rgint": "2403",
    "nm_rgint": "Mossoró",
    "cd_uf": "24",
    "nm_uf": "Rio Grande do Norte",
    "sigla_uf": "RN",
    "cd_regia": "2",
    "nm_regia": "Nordeste",
    "sigla_rg": "NE",
    "cd_concu": null,
    "nm_concu": null,
    "area_km2": 75.588,
    "created_at": "2025-08-26T14:20:11.646400",
    "updated_at": "2025-08-26T14:20:11.646400"
  },
  {
    "id_municipio": 1683,
    "cd_mun": "2412005",
    "nm_mun": "São Gonçalo do Amarante",
    "cd_rgi": "240001",
    "nm_rgi": "Natal",
    "cd_rgint": "2401",
    "nm_rgint": "Natal",
    "cd_uf": "24",
    "nm_uf": "Rio Grande do Norte",
    "sigla_uf": "RN",
    "cd_regia": "2",
    "nm_regia": "Nordeste",
    "sigla_rg": "NE",
    "cd_concu": "2408102",
    "nm_concu": "Natal/RN",
    "area_km2": 249.8,
    "created_at": "2025-08-26T14:21:54.867267",
    "updated_at": "2025-08-26T14:21:54.867267"
  },
  {
    "id_municipio": 2267,
    "cd_mun": "2412104",
    "nm_mun": "São João do Sabugi",
    "cd_rgi": "240007",
    "nm_rgi": "Caicó",
    "cd_rgint": "2402",
    "nm_rgint": "Caicó",
    "cd_uf": "24",
    "nm_uf": "Rio Grande do Norte",
    "sigla_uf": "RN",
    "cd_regia": "2",
    "nm_regia": "Nordeste",
    "sigla_rg": "NE",
    "cd_concu": null,
    "nm_concu": null,
    "area_km2": 277.011,
    "created_at": "2025-08-26T14:23:37.304089",
    "updated_at": "2025-08-26T14:23:37.304089"
  },
  {
    "id_municipio": 244,
    "cd_mun": "2412203",
    "nm_mun": "São José de Mipibu",
    "cd_rgi": "240001",
    "nm_rgi": "Natal",
    "cd_rgint": "2401",
    "nm_rgint": "Natal",
    "cd_uf": "24",
    "nm_uf": "Rio Grande do Norte",
    "sigla_uf": "RN",
    "cd_regia": "2",
    "nm_regia": "Nordeste",
    "sigla_rg": "NE",
    "cd_concu": null,
    "nm_concu": null,
    "area_km2": 289.987,
    "created_at": "2025-08-26T14:16:49.632282",
    "updated_at": "2025-08-26T14:16:49.632282"
  },
  {
    "id_municipio": 792,
    "cd_mun": "2412302",
    "nm_mun": "São José do Campestre",
    "cd_rgi": "240002",
    "nm_rgi": "Santo Antônio - Passa e Fica - Nova Cruz",
    "cd_rgint": "2401",
    "nm_rgint": "Natal",
    "cd_uf": "24",
    "nm_uf": "Rio Grande do Norte",
    "sigla_uf": "RN",
    "cd_regia": "2",
    "nm_regia": "Nordeste",
    "sigla_rg": "NE",
    "cd_concu": null,
    "nm_concu": null,
    "area_km2": 341.115,
    "created_at": "2025-08-26T14:18:30.386240",
    "updated_at": "2025-08-26T14:18:30.386240"
  },
  {
    "id_municipio": 4311,
    "cd_mun": "2412401",
    "nm_mun": "São José do Seridó",
    "cd_rgi": "240007",
    "nm_rgi": "Caicó",
    "cd_rgint": "2402",
    "nm_rgint": "Caicó",
    "cd_uf": "24",
    "nm_uf": "Rio Grande do Norte",
    "sigla_uf": "RN",
    "cd_regia": "2",
    "nm_regia": "Nordeste",
    "sigla_rg": "NE",
    "cd_concu": null,
    "nm_concu": null,
    "area_km2": 174.505,
    "created_at": "2025-08-26T14:30:16.147650",
    "updated_at": "2025-08-26T14:30:16.147650"
  },
  {
    "id_municipio": 4877,
    "cd_mun": "2412500",
    "nm_mun": "São Miguel",
    "cd_rgi": "240010",
    "nm_rgi": "Pau dos Ferros",
    "cd_rgint": "2403",
    "nm_rgint": "Mossoró",
    "cd_uf": "24",
    "nm_uf": "Rio Grande do Norte",
    "sigla_uf": "RN",
    "cd_regia": "2",
    "nm_regia": "Nordeste",
    "sigla_rg": "NE",
    "cd_concu": null,
    "nm_concu": null,
    "area_km2": 166.233,
    "created_at": "2025-08-26T14:31:56.583430",
    "updated_at": "2025-08-26T14:31:56.583430"
  },
  {
    "id_municipio": 5043,
    "cd_mun": "2412559",
    "nm_mun": "São Miguel do Gostoso",
    "cd_rgi": "240001",
    "nm_rgi": "Natal",
    "cd_rgint": "2401",
    "nm_rgint": "Natal",
    "cd_uf": "24",
    "nm_uf": "Rio Grande do Norte",
    "sigla_uf": "RN",
    "cd_regia": "2",
    "nm_regia": "Nordeste",
    "sigla_rg": "NE",
    "cd_concu": null,
    "nm_concu": null,
    "area_km2": 431.445,
    "created_at": "2025-08-26T14:33:28.234007",
    "updated_at": "2025-08-26T14:33:28.234007"
  },
  {
    "id_municipio": 35,
    "cd_mun": "2412609",
    "nm_mun": "São Paulo do Potengi",
    "cd_rgi": "240006",
    "nm_rgi": "São Paulo do Potengi",
    "cd_rgint": "2401",
    "nm_rgint": "Natal",
    "cd_uf": "24",
    "nm_uf": "Rio Grande do Norte",
    "sigla_uf": "RN",
    "cd_regia": "2",
    "nm_regia": "Nordeste",
    "sigla_rg": "NE",
    "cd_concu": null,
    "nm_concu": null,
    "area_km2": 240.425,
    "created_at": "2025-08-26T14:16:49.632282",
    "updated_at": "2025-08-26T14:16:49.632282"
  },
  {
    "id_municipio": 3375,
    "cd_mun": "2412708",
    "nm_mun": "São Pedro",
    "cd_rgi": "240006",
    "nm_rgi": "São Paulo do Potengi",
    "cd_rgint": "2401",
    "nm_rgint": "Natal",
    "cd_uf": "24",
    "nm_uf": "Rio Grande do Norte",
    "sigla_uf": "RN",
    "cd_regia": "2",
    "nm_regia": "Nordeste",
    "sigla_rg": "NE",
    "cd_concu": null,
    "nm_concu": null,
    "area_km2": 195.237,
    "created_at": "2025-08-26T14:26:59.412073",
    "updated_at": "2025-08-26T14:26:59.412073"
  },
  {
    "id_municipio": 4102,
    "cd_mun": "2412807",
    "nm_mun": "São Rafael",
    "cd_rgi": "240011",
    "nm_rgi": "Açu",
    "cd_rgint": "2403",
    "nm_rgint": "Mossoró",
    "cd_uf": "24",
    "nm_uf": "Rio Grande do Norte",
    "sigla_uf": "RN",
    "cd_regia": "2",
    "nm_regia": "Nordeste",
    "sigla_rg": "NE",
    "cd_concu": null,
    "nm_concu": null,
    "area_km2": 469.101,
    "created_at": "2025-08-26T14:30:16.147650",
    "updated_at": "2025-08-26T14:30:16.147650"
  },
  {
    "id_municipio": 1901,
    "cd_mun": "2412906",
    "nm_mun": "São Tomé",
    "cd_rgi": "240006",
    "nm_rgi": "São Paulo do Potengi",
    "cd_rgint": "2401",
    "nm_rgint": "Natal",
    "cd_uf": "24",
    "nm_uf": "Rio Grande do Norte",
    "sigla_uf": "RN",
    "cd_regia": "2",
    "nm_regia": "Nordeste",
    "sigla_rg": "NE",
    "cd_concu": null,
    "nm_concu": null,
    "area_km2": 862.585,
    "created_at": "2025-08-26T14:21:54.867267",
    "updated_at": "2025-08-26T14:21:54.867267"
  },
  {
    "id_municipio": 5259,
    "cd_mun": "2413003",
    "nm_mun": "São Vicente",
    "cd_rgi": "240008",
    "nm_rgi": "Currais Novos",
    "cd_rgint": "2402",
    "nm_rgint": "Caicó",
    "cd_uf": "24",
    "nm_uf": "Rio Grande do Norte",
    "sigla_uf": "RN",
    "cd_regia": "2",
    "nm_regia": "Nordeste",
    "sigla_rg": "NE",
    "cd_concu": null,
    "nm_concu": null,
    "area_km2": 197.817,
    "created_at": "2025-08-26T14:33:28.234007",
    "updated_at": "2025-08-26T14:33:28.234007"
  },
  {
    "id_municipio": 3056,
    "cd_mun": "2413102",
    "nm_mun": "Senador Elói de Souza",
    "cd_rgi": "240006",
    "nm_rgi": "São Paulo do Potengi",
    "cd_rgint": "2401",
    "nm_rgint": "Natal",
    "cd_uf": "24",
    "nm_uf": "Rio Grande do Norte",
    "sigla_uf": "RN",
    "cd_regia": "2",
    "nm_regia": "Nordeste",
    "sigla_rg": "NE",
    "cd_concu": null,
    "nm_concu": null,
    "area_km2": 143.574,
    "created_at": "2025-08-26T14:26:59.412073",
    "updated_at": "2025-08-26T14:26:59.412073"
  },
  {
    "id_municipio": 3776,
    "cd_mun": "2413201",
    "nm_mun": "Senador Georgino Avelino",
    "cd_rgi": "240001",
    "nm_rgi": "Natal",
    "cd_rgint": "2401",
    "nm_rgint": "Natal",
    "cd_uf": "24",
    "nm_uf": "Rio Grande do Norte",
    "sigla_uf": "RN",
    "cd_regia": "2",
    "nm_regia": "Nordeste",
    "sigla_rg": "NE",
    "cd_concu": null,
    "nm_concu": null,
    "area_km2": 26.1,
    "created_at": "2025-08-26T14:28:39.681185",
    "updated_at": "2025-08-26T14:28:39.681185"
  },
  {
    "id_municipio": 2221,
    "cd_mun": "2410306",
    "nm_mun": "Serra Caiada",
    "cd_rgi": "240002",
    "nm_rgi": "Santo Antônio - Passa e Fica - Nova Cruz",
    "cd_rgint": "2401",
    "nm_rgint": "Natal",
    "cd_uf": "24",
    "nm_uf": "Rio Grande do Norte",
    "sigla_uf": "RN",
    "cd_regia": "2",
    "nm_regia": "Nordeste",
    "sigla_rg": "NE",
    "cd_concu": null,
    "nm_concu": null,
    "area_km2": 230.036,
    "created_at": "2025-08-26T14:23:37.304089",
    "updated_at": "2025-08-26T14:23:37.304089"
  },
  {
    "id_municipio": 1551,
    "cd_mun": "2413300",
    "nm_mun": "Serra de São Bento",
    "cd_rgi": "240002",
    "nm_rgi": "Santo Antônio - Passa e Fica - Nova Cruz",
    "cd_rgint": "2401",
    "nm_rgint": "Natal",
    "cd_uf": "24",
    "nm_uf": "Rio Grande do Norte",
    "sigla_uf": "RN",
    "cd_regia": "2",
    "nm_regia": "Nordeste",
    "sigla_rg": "NE",
    "cd_concu": null,
    "nm_concu": null,
    "area_km2": 96.585,
    "created_at": "2025-08-26T14:21:54.867267",
    "updated_at": "2025-08-26T14:21:54.867267"
  },
  {
    "id_municipio": 1684,
    "cd_mun": "2413359",
    "nm_mun": "Serra do Mel",
    "cd_rgi": "240009",
    "nm_rgi": "Mossoró",
    "cd_rgint": "2403",
    "nm_rgint": "Mossoró",
    "cd_uf": "24",
    "nm_uf": "Rio Grande do Norte",
    "sigla_uf": "RN",
    "cd_regia": "2",
    "nm_regia": "Nordeste",
    "sigla_rg": "NE",
    "cd_concu": null,
    "nm_concu": null,
    "area_km2": 620.241,
    "created_at": "2025-08-26T14:21:54.867267",
    "updated_at": "2025-08-26T14:21:54.867267"
  },
  {
    "id_municipio": 2317,
    "cd_mun": "2413409",
    "nm_mun": "Serra Negra do Norte",
    "cd_rgi": "240007",
    "nm_rgi": "Caicó",
    "cd_rgint": "2402",
    "nm_rgint": "Caicó",
    "cd_uf": "24",
    "nm_uf": "Rio Grande do Norte",
    "sigla_uf": "RN",
    "cd_regia": "2",
    "nm_regia": "Nordeste",
    "sigla_rg": "NE",
    "cd_concu": null,
    "nm_concu": null,
    "area_km2": 562.396,
    "created_at": "2025-08-26T14:23:37.304089",
    "updated_at": "2025-08-26T14:23:37.304089"
  },
  {
    "id_municipio": 117,
    "cd_mun": "2413508",
    "nm_mun": "Serrinha",
    "cd_rgi": "240002",
    "nm_rgi": "Santo Antônio - Passa e Fica - Nova Cruz",
    "cd_rgint": "2401",
    "nm_rgint": "Natal",
    "cd_uf": "24",
    "nm_uf": "Rio Grande do Norte",
    "sigla_uf": "RN",
    "cd_regia": "2",
    "nm_regia": "Nordeste",
    "sigla_rg": "NE",
    "cd_concu": null,
    "nm_concu": null,
    "area_km2": 193.351,
    "created_at": "2025-08-26T14:16:49.632282",
    "updated_at": "2025-08-26T14:16:49.632282"
  },
  {
    "id_municipio": 245,
    "cd_mun": "2413557",
    "nm_mun": "Serrinha dos Pintos",
    "cd_rgi": "240010",
    "nm_rgi": "Pau dos Ferros",
    "cd_rgint": "2403",
    "nm_rgint": "Mossoró",
    "cd_uf": "24",
    "nm_uf": "Rio Grande do Norte",
    "sigla_uf": "RN",
    "cd_regia": "2",
    "nm_regia": "Nordeste",
    "sigla_rg": "NE",
    "cd_concu": null,
    "nm_concu": null,
    "area_km2": 122.375,
    "created_at": "2025-08-26T14:16:49.632282",
    "updated_at": "2025-08-26T14:16:49.632282"
  },
  {
    "id_municipio": 841,
    "cd_mun": "2413607",
    "nm_mun": "Severiano Melo",
    "cd_rgi": "240009",
    "nm_rgi": "Mossoró",
    "cd_rgint": "2403",
    "nm_rgint": "Mossoró",
    "cd_uf": "24",
    "nm_uf": "Rio Grande do Norte",
    "sigla_uf": "RN",
    "cd_regia": "2",
    "nm_regia": "Nordeste",
    "sigla_rg": "NE",
    "cd_concu": null,
    "nm_concu": null,
    "area_km2": 157.85,
    "created_at": "2025-08-26T14:18:30.386240",
    "updated_at": "2025-08-26T14:18:30.386240"
  },
  {
    "id_municipio": 1371,
    "cd_mun": "2413706",
    "nm_mun": "Sítio Novo",
    "cd_rgi": "240004",
    "nm_rgi": "Santa Cruz",
    "cd_rgint": "2401",
    "nm_rgint": "Natal",
    "cd_uf": "24",
    "nm_uf": "Rio Grande do Norte",
    "sigla_uf": "RN",
    "cd_regia": "2",
    "nm_regia": "Nordeste",
    "sigla_rg": "NE",
    "cd_concu": null,
    "nm_concu": null,
    "area_km2": 213.456,
    "created_at": "2025-08-26T14:20:11.646400",
    "updated_at": "2025-08-26T14:20:11.646400"
  },
  {
    "id_municipio": 4921,
    "cd_mun": "2413805",
    "nm_mun": "Taboleiro Grande",
    "cd_rgi": "240010",
    "nm_rgi": "Pau dos Ferros",
    "cd_rgint": "2403",
    "nm_rgint": "Mossoró",
    "cd_uf": "24",
    "nm_uf": "Rio Grande do Norte",
    "sigla_uf": "RN",
    "cd_regia": "2",
    "nm_regia": "Nordeste",
    "sigla_rg": "NE",
    "cd_concu": null,
    "nm_concu": null,
    "area_km2": 124.093,
    "created_at": "2025-08-26T14:31:56.583430",
    "updated_at": "2025-08-26T14:31:56.583430"
  },
  {
    "id_municipio": 5491,
    "cd_mun": "2413904",
    "nm_mun": "Taipu",
    "cd_rgi": "240001",
    "nm_rgi": "Natal",
    "cd_rgint": "2401",
    "nm_rgint": "Natal",
    "cd_uf": "24",
    "nm_uf": "Rio Grande do Norte",
    "sigla_uf": "RN",
    "cd_regia": "2",
    "nm_regia": "Nordeste",
    "sigla_rg": "NE",
    "cd_concu": null,
    "nm_concu": null,
    "area_km2": 352.818,
    "created_at": "2025-08-26T14:33:28.234007",
    "updated_at": "2025-08-26T14:33:28.234007"
  },
  {
    "id_municipio": 440,
    "cd_mun": "2414001",
    "nm_mun": "Tangará",
    "cd_rgi": "240004",
    "nm_rgi": "Santa Cruz",
    "cd_rgint": "2401",
    "nm_rgint": "Natal",
    "cd_uf": "24",
    "nm_uf": "Rio Grande do Norte",
    "sigla_uf": "RN",
    "cd_regia": "2",
    "nm_regia": "Nordeste",
    "sigla_rg": "NE",
    "cd_concu": null,
    "nm_concu": null,
    "area_km2": 339.484,
    "created_at": "2025-08-26T14:16:49.632282",
    "updated_at": "2025-08-26T14:16:49.632282"
  },
  {
    "id_municipio": 1167,
    "cd_mun": "2414100",
    "nm_mun": "Tenente Ananias",
    "cd_rgi": "240010",
    "nm_rgi": "Pau dos Ferros",
    "cd_rgint": "2403",
    "nm_rgint": "Mossoró",
    "cd_uf": "24",
    "nm_uf": "Rio Grande do Norte",
    "sigla_uf": "RN",
    "cd_regia": "2",
    "nm_regia": "Nordeste",
    "sigla_rg": "NE",
    "cd_concu": null,
    "nm_concu": null,
    "area_km2": 223.671,
    "created_at": "2025-08-26T14:20:11.646400",
    "updated_at": "2025-08-26T14:20:11.646400"
  },
  {
    "id_municipio": 1186,
    "cd_mun": "2414159",
    "nm_mun": "Tenente Laurentino Cruz",
    "cd_rgi": "240008",
    "nm_rgi": "Currais Novos",
    "cd_rgint": "2402",
    "nm_rgint": "Caicó",
    "cd_uf": "24",
    "nm_uf": "Rio Grande do Norte",
    "sigla_uf": "RN",
    "cd_regia": "2",
    "nm_regia": "Nordeste",
    "sigla_rg": "NE",
    "cd_concu": null,
    "nm_concu": null,
    "area_km2": 68.556,
    "created_at": "2025-08-26T14:20:11.646400",
    "updated_at": "2025-08-26T14:20:11.646400"
  },
  {
    "id_municipio": 1107,
    "cd_mun": "2411056",
    "nm_mun": "Tibau",
    "cd_rgi": "240009",
    "nm_rgi": "Mossoró",
    "cd_rgint": "2403",
    "nm_rgint": "Mossoró",
    "cd_uf": "24",
    "nm_uf": "Rio Grande do Norte",
    "sigla_uf": "RN",
    "cd_regia": "2",
    "nm_regia": "Nordeste",
    "sigla_rg": "NE",
    "cd_concu": null,
    "nm_concu": null,
    "area_km2": 169.365,
    "created_at": "2025-08-26T14:20:11.646400",
    "updated_at": "2025-08-26T14:20:11.646400"
  },
  {
    "id_municipio": 4500,
    "cd_mun": "2414209",
    "nm_mun": "Tibau do Sul",
    "cd_rgi": "240003",
    "nm_rgi": "Canguaretama",
    "cd_rgint": "2401",
    "nm_rgint": "Natal",
    "cd_uf": "24",
    "nm_uf": "Rio Grande do Norte",
    "sigla_uf": "RN",
    "cd_regia": "2",
    "nm_regia": "Nordeste",
    "sigla_rg": "NE",
    "cd_concu": null,
    "nm_concu": null,
    "area_km2": 102.68,
    "created_at": "2025-08-26T14:30:16.147650",
    "updated_at": "2025-08-26T14:30:16.147650"
  },
  {
    "id_municipio": 5236,
    "cd_mun": "2414308",
    "nm_mun": "Timbaúba dos Batistas",
    "cd_rgi": "240007",
    "nm_rgi": "Caicó",
    "cd_rgint": "2402",
    "nm_rgint": "Caicó",
    "cd_uf": "24",
    "nm_uf": "Rio Grande do Norte",
    "sigla_uf": "RN",
    "cd_regia": "2",
    "nm_regia": "Nordeste",
    "sigla_rg": "NE",
    "cd_concu": null,
    "nm_concu": null,
    "area_km2": 135.456,
    "created_at": "2025-08-26T14:33:28.234007",
    "updated_at": "2025-08-26T14:33:28.234007"
  },
  {
    "id_municipio": 3033,
    "cd_mun": "2414407",
    "nm_mun": "Touros",
    "cd_rgi": "240001",
    "nm_rgi": "Natal",
    "cd_rgint": "2401",
    "nm_rgint": "Natal",
    "cd_uf": "24",
    "nm_uf": "Rio Grande do Norte",
    "sigla_uf": "RN",
    "cd_regia": "2",
    "nm_regia": "Nordeste",
    "sigla_rg": "NE",
    "cd_concu": null,
    "nm_concu": null,
    "area_km2": 753.961,
    "created_at": "2025-08-26T14:26:59.412073",
    "updated_at": "2025-08-26T14:26:59.412073"
  },
  {
    "id_municipio": 3240,
    "cd_mun": "2414456",
    "nm_mun": "Triunfo Potiguar",
    "cd_rgi": "240011",
    "nm_rgi": "Açu",
    "cd_rgint": "2403",
    "nm_rgint": "Mossoró",
    "cd_uf": "24",
    "nm_uf": "Rio Grande do Norte",
    "sigla_uf": "RN",
    "cd_regia": "2",
    "nm_regia": "Nordeste",
    "sigla_rg": "NE",
    "cd_concu": null,
    "nm_concu": null,
    "area_km2": 268.725,
    "created_at": "2025-08-26T14:26:59.412073",
    "updated_at": "2025-08-26T14:26:59.412073"
  },
  {
    "id_municipio": 3753,
    "cd_mun": "2414506",
    "nm_mun": "Umarizal",
    "cd_rgi": "240010",
    "nm_rgi": "Pau dos Ferros",
    "cd_rgint": "2403",
    "nm_rgint": "Mossoró",
    "cd_uf": "24",
    "nm_uf": "Rio Grande do Norte",
    "sigla_uf": "RN",
    "cd_regia": "2",
    "nm_regia": "Nordeste",
    "sigla_rg": "NE",
    "cd_concu": null,
    "nm_concu": null,
    "area_km2": 249.61,
    "created_at": "2025-08-26T14:28:39.681185",
    "updated_at": "2025-08-26T14:28:39.681185"
  },
  {
    "id_municipio": 1740,
    "cd_mun": "2414605",
    "nm_mun": "Upanema",
    "cd_rgi": "240009",
    "nm_rgi": "Mossoró",
    "cd_rgint": "2403",
    "nm_rgint": "Mossoró",
    "cd_uf": "24",
    "nm_uf": "Rio Grande do Norte",
    "sigla_uf": "RN",
    "cd_regia": "2",
    "nm_regia": "Nordeste",
    "sigla_rg": "NE",
    "cd_concu": null,
    "nm_concu": null,
    "area_km2": 873.14,
    "created_at": "2025-08-26T14:21:54.867267",
    "updated_at": "2025-08-26T14:21:54.867267"
  },
  {
    "id_municipio": 2489,
    "cd_mun": "2414704",
    "nm_mun": "Várzea",
    "cd_rgi": "240002",
    "nm_rgi": "Santo Antônio - Passa e Fica - Nova Cruz",
    "cd_rgint": "2401",
    "nm_rgint": "Natal",
    "cd_uf": "24",
    "nm_uf": "Rio Grande do Norte",
    "sigla_uf": "RN",
    "cd_regia": "2",
    "nm_regia": "Nordeste",
    "sigla_rg": "NE",
    "cd_concu": null,
    "nm_concu": null,
    "area_km2": 72.684,
    "created_at": "2025-08-26T14:23:37.304089",
    "updated_at": "2025-08-26T14:23:37.304089"
  },
  {
    "id_municipio": 2520,
    "cd_mun": "2414753",
    "nm_mun": "Venha-Ver",
    "cd_rgi": "240010",
    "nm_rgi": "Pau dos Ferros",
    "cd_rgint": "2403",
    "nm_rgint": "Mossoró",
    "cd_uf": "24",
    "nm_uf": "Rio Grande do Norte",
    "sigla_uf": "RN",
    "cd_regia": "2",
    "nm_regia": "Nordeste",
    "sigla_rg": "NE",
    "cd_concu": null,
    "nm_concu": null,
    "area_km2": 71.621,
    "created_at": "2025-08-26T14:25:16.599609",
    "updated_at": "2025-08-26T14:25:16.599609"
  },
  {
    "id_municipio": 3055,
    "cd_mun": "2414803",
    "nm_mun": "Vera Cruz",
    "cd_rgi": "240001",
    "nm_rgi": "Natal",
    "cd_rgint": "2401",
    "nm_rgint": "Natal",
    "cd_uf": "24",
    "nm_uf": "Rio Grande do Norte",
    "sigla_uf": "RN",
    "cd_regia": "2",
    "nm_regia": "Nordeste",
    "sigla_rg": "NE",
    "cd_concu": null,
    "nm_concu": null,
    "area_km2": 84.127,
    "created_at": "2025-08-26T14:26:59.412073",
    "updated_at": "2025-08-26T14:26:59.412073"
  },
  {
    "id_municipio": 1013,
    "cd_mun": "2414902",
    "nm_mun": "Viçosa",
    "cd_rgi": "240010",
    "nm_rgi": "Pau dos Ferros",
    "cd_rgint": "2403",
    "nm_rgint": "Mossoró",
    "cd_uf": "24",
    "nm_uf": "Rio Grande do Norte",
    "sigla_uf": "RN",
    "cd_regia": "2",
    "nm_regia": "Nordeste",
    "sigla_rg": "NE",
    "cd_concu": null,
    "nm_concu": null,
    "area_km2": 37.905,
    "created_at": "2025-08-26T14:20:11.646400",
    "updated_at": "2025-08-26T14:20:11.646400"
  },
  {
    "id_municipio": 4183,
    "cd_mun": "2415008",
    "nm_mun": "Vila Flor",
    "cd_rgi": "240003",
    "nm_rgi": "Canguaretama",
    "cd_rgint": "2401",
    "nm_rgint": "Natal",
    "cd_uf": "24",
    "nm_uf": "Rio Grande do Norte",
    "sigla_uf": "RN",
    "cd_regia": "2",
    "nm_regia": "Nordeste",
    "sigla_rg": "NE",
    "cd_concu": null,
    "nm_concu": null,
    "area_km2": 47.656,
    "created_at": "2025-08-26T14:30:16.147650",
    "updated_at": "2025-08-26T14:30:16.147650"
  }
]